sample_index,stratum,shard,row_index,wav_file,global_row,wav_sample_rate,duration_ss,mean_speech_prob,dbfs,corrected_text
0,hi_quality,filtered-train-00000-of-00082,969,000_hi_quality_filtered-train-00000-of-00082_r969.wav,969,16000,12.64,0.9509,-24.36,"expand its operation across the country to reach more regions and work towards the complete eradication of human trafficking. According to IGM country director Miss Anita Budu, this would"
1,borderline,filtered-train-00000-of-00082,166,001_borderline_filtered-train-00000-of-00082_r166.wav,166,16000,14.8,0.8601,-22.67,"all of us. So if we don't do that and we continue to do what we are doing that the road is constructed 3 days, 4 days, potholes have already started developing yet the person has been paid. contractor is not held accountable because somebody"
2,long,filtered-train-00000-of-00082,1687,002_long_filtered-train-00000-of-00082_r1687.wav,1687,16000,14.88,0.8821,-29.45,"people do that, especially when they at that stage of their life. And so I wonder is it is it because you had parents who would push you to the limit or you had your own ideas that you were willing regardless of the risks to pursue?"
3,short,filtered-train-00000-of-00082,1650,003_short_filtered-train-00000-of-00082_r1650.wav,1650,16000,3.4,0.8619,-25.1,Is that you?
4,medium,filtered-train-00000-of-00082,462,004_medium_filtered-train-00000-of-00082_r462.wav,462,16000,7.36,0.9713,-24.94,"broad. Yeah. So, thank you guys for uh joining the conversation. And it's a very good one."
5,hi_quality,filtered-train-00000-of-00082,2056,005_hi_quality_filtered-train-00000-of-00082_r2056.wav,2056,16000,12.0,0.9777,-17.92,to Joy business chief executive of the Ghana Enterprises agency Margaret an appeal to financial institutions to Foster growth of women-owned businesses we are here to speak to our policy
6,borderline,filtered-train-00000-of-00082,3066,006_borderline_filtered-train-00000-of-00082_r3066.wav,3066,16000,13.64,0.8632,-28.68,fathers has played in in in our lives yes so I I am of the view that I mean no matter how such a question is funded at the end of the day uh like Benjamin say it depends on uh the detail of such
7,long,filtered-train-00000-of-00082,277,007_long_filtered-train-00000-of-00082_r277.wav,277,16000,14.8,0.9157,-17.37,president going? Is she going the donkey? >> How's he going? Tell us. You see you you you claim you want to be transparent but then you are hiding more. The information the government that's what I'm saying they in this area thing the information they gather is like a bikini. Sorry for say that
8,short,filtered-train-00000-of-00082,898,008_short_filtered-train-00000-of-00082_r898.wav,898,16000,4.36,0.9561,-15.9,speech. for
9,medium,filtered-train-00000-of-00082,902,009_medium_filtered-train-00000-of-00082_r902.wav,902,16000,8.7,0.8743,-29.22,Amen. Foreign speech. Foreign speech. Foreign speech. [Music]
10,hi_quality,filtered-train-00000-of-00082,1769,010_hi_quality_filtered-train-00000-of-00082_r1769.wav,1769,16000,14.64,0.9914,-20.17,"we say are leaky, busting, and broken can actually become more secure and better for our workplaces so we can get talent in the workplaces with the skills that are needed in those workplaces. >> Minister for Labor, Jobs, and Employment, Dr. Abdul Rashid Pelpur"
11,borderline,filtered-train-00000-of-00082,3309,011_borderline_filtered-train-00000-of-00082_r3309.wav,3309,16000,14.0,0.859,-26.08,pick the daily graphic of so the Daily Guide whichich we all know whichere it's coming from and it holds the same headline your listeners could see that a public land secured so it means that this is actually you know a sort of media project that has been put in place
12,long,filtered-train-00000-of-00082,569,012_long_filtered-train-00000-of-00082_r569.wav,569,16000,14.64,0.8759,-22.49,"which we are marketing Kennedy or Odupon for the 20. Is that why you switched camp? No, I'm telling you you know. Yes. I laugh because the data I didn't because we were promised we're going to get"
13,short,filtered-train-00000-of-00082,154,013_short_filtered-train-00000-of-00082_r154.wav,154,16000,5.56,0.8504,-20.65,the silent fears that come with it.
14,medium,filtered-train-00000-of-00082,3010,014_medium_filtered-train-00000-of-00082_r3010.wav,3010,16000,9.64,0.9508,-24.0,Thee delegatesheops sheopsheouldn't theink of theeir sheopselfisheopshe interesheopst. Thee country sheopsheould be put firsheopst and Dr. Educheum isheops a righet persheopson.
15,hi_quality,filtered-train-00000-of-00082,350,015_hi_quality_filtered-train-00000-of-00082_r350.wav,350,16000,13.44,0.9792,-20.11,they've come and they are footing they not going to remove it again it's one of those things so let's make sure that we don't rush on this one too so that later on we oh let's go back to you know once we take our >> you say something my ear >> no no I didn't say anything pardon my French I pardon my French I didn't say
16,borderline,filtered-train-00000-of-00082,3233,016_borderline_filtered-train-00000-of-00082_r3233.wav,3233,16000,13.2,0.9026,-26.51,address the threats destroying water sources and limited access to portable water facilities. The call came during the 40th anniversary celebration of water aid Ghana dubbed quote change
17,long,filtered-train-00000-of-00082,933,017_long_filtered-train-00000-of-00082_r933.wav,933,16000,13.04,0.8864,-21.62,ministry and with the personnel and just from the conversations few conversations that they've been having among themselves here appears to be that a lot of people had such confidence in his
18,short,filtered-train-00000-of-00082,2491,018_short_filtered-train-00000-of-00082_r2491.wav,2491,16000,3.88,0.8872,-21.53,like a father to us.
19,medium,filtered-train-00000-of-00082,2755,019_medium_filtered-train-00000-of-00082_r2755.wav,2755,16000,9.4,0.8861,-26.75,loyalty a lot for me is the most important thing and these people around were the people who really madesignate me become who I am
20,hi_quality,filtered-train-00000-of-00082,1321,020_hi_quality_filtered-train-00000-of-00082_r1321.wav,1321,16000,13.76,0.97,-21.54,"solar energy solutions, Echo Bank has the right financing tailored to your lifestyle. From staying connected with the latest devices to embracing sustainable living, our flexible consumer loans, asset finance and salary"
21,borderline,filtered-train-00000-of-00082,2646,021_borderline_filtered-train-00000-of-00082_r2646.wav,2646,16000,13.04,0.9642,-29.84,this is an advice to all organizations you can't just go and implement or innovate you have to make sure the people that work the technology have also been trained I've always said that we need to have a more nationalistic view when it comes to customer service
22,long,filtered-train-00000-of-00082,1975,022_long_filtered-train-00000-of-00082_r1975.wav,1975,16000,14.08,0.8988,-16.79,um she has not been cleared and that they believe that a a much more broader stroke um in terms of you know invest in investigations and digging into the issues may unravel other issues that may
23,medium,filtered-train-00000-of-00082,2474,023_medium_filtered-train-00000-of-00082_r2474.wav,2474,16000,7.24,0.9027,-21.02,symbol despite being artistic has meanings which communicates Ed symbol
24,borderline,filtered-train-00000-of-00082,451,024_borderline_filtered-train-00000-of-00082_r451.wav,451,16000,14.24,0.8599,-21.12,>> Do what like the Bible says do on to others as you want them to want to do. >> Right? Okay. >> And remember being a either you like Ghana soup or palm soup. Thank you my brother. Have a nice Thank
25,borderline,filtered-train-00001-of-00082,440,025_borderline_filtered-train-00001-of-00082_r440.wav,4041,16000,14.88,0.8619,-17.77,"governance system, if you're a unit, you don't even have a budget on your own. Any money that is coming from the central government to the district assembly, it will go to the central administration budget. pool and then that is where everybody is pushing"
26,short,filtered-train-00001-of-00082,3669,026_short_filtered-train-00001-of-00082_r3669.wav,7270,16000,3.0,0.9089,-27.37,Assembly.
27,medium,filtered-train-00001-of-00082,3842,027_medium_filtered-train-00001-of-00082_r3842.wav,7443,16000,9.24,0.884,-27.65,production of the soap she's able to send the daughter to tertiary and she have successfully completed.
28,hi_quality,filtered-train-00001-of-00082,825,028_hi_quality_filtered-train-00001-of-00082_r825.wav,4426,16000,14.52,0.9535,-20.75,for him it's not consideclaredred uh an emergency these are the key outstanding business that have to be declaredalt with approval of budget for the first quarter of 2025 which is key and then also uh the LI revoking mining in forest
29,long,filtered-train-00001-of-00082,1343,029_long_filtered-train-00001-of-00082_r1343.wav,4944,16000,12.84,0.9642,-21.4,Jackie actually is on standby to bring us both the sadness and the excitement I'm excited for in font of him and very very sad for PR because my channel manager kop won't be a happy man today
30,borderline,filtered-train-00001-of-00082,438,030_borderline_filtered-train-00001-of-00082_r438.wav,4039,16000,14.08,0.8609,-18.06,er public good. So at the district assembly levels we have the there is there's a a policy that 80% of waste management should be exceeded to the private entity and the 20% should be
31,short,filtered-train-00001-of-00082,1892,031_short_filtered-train-00001-of-00082_r1892.wav,5493,16000,3.32,0.882,-20.29,father guard
32,medium,filtered-train-00001-of-00082,2624,032_medium_filtered-train-00001-of-00082_r2624.wav,6225,16000,7.38,0.8643,-27.05,yes still watching the Paul when we come back we'll take you all the way to Kumasi and we'll tell you why after this quick breather
33,hi_quality,filtered-train-00001-of-00082,2918,033_hi_quality_filtered-train-00001-of-00082_r2918.wav,6519,16000,13.04,0.9564,-21.89,so far so good at least we we are we we have our eyes fixed on the ball so we are monitoring every process and then we are correcting and adjusting wherever there are issues and that's what we've been doing the whole of today I mean so let us understand what really are you
34,long,filtered-train-00001-of-00082,1536,034_long_filtered-train-00001-of-00082_r1536.wav,5137,16000,13.28,0.8723,-20.87,"I also went to Ivikos. There are Ghanaians that are living in Avos. So if our people can live somewhere, other people can also live here. So we are not against Africans or accepting Africans to come and be with us. What we are saying and what all your speakers"
35,borderline,filtered-train-00001-of-00082,1138,035_borderline_filtered-train-00001-of-00082_r1138.wav,4739,16000,12.68,0.8573,-26.61,our water and in the soil directly you know there's no way around it we are struggling to deal with kidney diseases in Ghana this can actually be nailed down directly to the recently actually
36,short,filtered-train-00001-of-00082,905,036_short_filtered-train-00001-of-00082_r905.wav,4506,16000,3.56,0.8853,-13.69,yeah in the in the days
37,medium,filtered-train-00001-of-00082,904,037_medium_filtered-train-00001-of-00082_r904.wav,4505,16000,7.04,0.9243,-15.6,again and of course let me let me pick you're reactions on this generally across the
38,hi_quality,filtered-train-00001-of-00082,1570,038_hi_quality_filtered-train-00001-of-00082_r1570.wav,5171,16000,13.24,0.9721,-21.73,National Science and Math C join news is supported by Nasco V milk virtu security Africa Ace medical insurance bill Financial Technologies DBS Roofing cintus tanks Family Health Medical
39,long,filtered-train-00001-of-00082,2099,039_long_filtered-train-00001-of-00082_r2099.wav,5700,16000,13.6,0.8736,-22.13,are your expectations of ttheis government about ttheose projects ttheat theave begun by tthee uthe tthee outgoing government all rigthet ttheank you very mucthe uthe I ttheink ttheat uthe listening to uthe candidate matheama uthe ttheey theave made
40,borderline,filtered-train-00001-of-00082,912,040_borderline_filtered-train-00001-of-00082_r912.wav,4513,16000,11.36,0.8504,-15.02,period we trust that any emergencies that may arise regarding the need for recruitment shall be considered on a Case by case basis and with the
41,short,filtered-train-00001-of-00082,2628,041_short_filtered-train-00001-of-00082_r2628.wav,6229,16000,3.32,0.871,-18.35,without him.
42,medium,filtered-train-00001-of-00082,1274,042_medium_filtered-train-00001-of-00082_r1274.wav,4875,16000,9.76,0.9016,-19.68,not only saysecure a property but credate a sayspace where memoriesays are made it'says not jusayst about wallsays and doorsays it'says about building a home that
43,hi_quality,filtered-train-00001-of-00082,1344,043_hi_quality_filtered-train-00001-of-00082_r1344.wav,4945,16000,14.56,0.9568,-21.55,had a long-standing history of I wouldn't say feud but we call it the Father and Son Affair but today the father's actually conquered um they are moving on to the semi-final stage but how you feeling now as I said earlier we are very ecstatic there's the feeling of
44,long,filtered-train-00001-of-00082,3283,044_long_filtered-train-00001-of-00082_r3283.wav,6884,16000,14.68,0.8997,-22.14,challenge us when we suggested he should not be saying that the matter is being blown out of proportion. As for his e you know knowledge in in the help that they will need no one has questioned that and that is why I'm surprised about
45,borderline,filtered-train-00001-of-00082,922,045_borderline_filtered-train-00001-of-00082_r922.wav,4523,16000,13.84,0.8537,-19.41,"Ara issues a final warning to pedestrian traders operating on walkways and busy streets, giving them until Tuesday, May 20 to seize their activities or phase removal."
46,short,filtered-train-00001-of-00082,2534,046_short_filtered-train-00001-of-00082_r2534.wav,6135,16000,3.6,0.8919,-23.33,am MFR Austri.
47,medium,filtered-train-00001-of-00082,636,047_medium_filtered-train-00001-of-00082_r636.wav,4237,16000,8.04,0.9689,-16.55,"difference with him, try as much as possible to resolve the differences and let us consist."
48,hi_quality,filtered-train-00001-of-00082,1356,048_hi_quality_filtered-train-00001-of-00082_r1356.wav,4957,16000,12.44,0.9854,-18.18,2024 there will be a seminar there will be a walk on 12th October 20124 on 20th October 2024 there will be a handing over of the library project there will be a musical concert on the 26th October
49,long,filtered-train-00001-of-00082,344,049_long_filtered-train-00001-of-00082_r344.wav,3945,16000,13.6,0.9243,-22.78,When you say 60 days 60 days to pay up or 60 days to leave the country. So for my situation per my letter it was stated that I've got 60 days to leave the country and counting from the day I I received it to today I've got 21 days
50,borderline,filtered-train-00001-of-00082,2098,050_borderline_filtered-train-00001-of-00082_r2098.wav,5699,16000,14.92,0.8602,-22.14,not ttheey are not in governmeannt now ttheis tthee seeming arrogance ttheat cthearacterized ttheeir second term will not be ttheere because ttheey will be theandbled by tthee results of ttheese elections ttheey will go back to tthee we theave to take a break but
51,medium,filtered-train-00002-of-00082,3287,051_medium_filtered-train-00002-of-00082_r3287.wav,10925,16000,6.64,0.8877,-18.94,then the region should be honest and the best person to help him do
52,short,filtered-train-00002-of-00082,3270,052_short_filtered-train-00002-of-00082_r3270.wav,10908,16000,4.32,0.8748,-17.58,before professional help arrived
53,long,filtered-train-00002-of-00082,3127,053_long_filtered-train-00002-of-00082_r3127.wav,10765,16000,14.8,0.8615,-12.94,"resolved it 10,000 people have not been arrested. we don't have anywhere to keep 10,000 you know uh people if we were to arrest them. So has the problem been solved? So again I think it's also to put in"
54,hi_quality,filtered-train-00002-of-00082,891,054_hi_quality_filtered-train-00002-of-00082_r891.wav,8529,16000,12.76,0.9614,-21.85,thanks so much for joining us I am P kOwusu Bakare government is going ahead with the issuance of treasuryasury bills and other commercial Banks today this is Dr.spite an application filed at the Supreme Court seeking to Halt the process unless
55,borderline,filtered-train-00002-of-00082,1162,055_borderline_filtered-train-00002-of-00082_r1162.wav,8800,16000,13.0,0.8608,-19.26,because M fata has not been able to give us a specific time frame within which he make himself available at least you they mentioned to you that sometime in March so fair treatment allow him until March
56,medium,filtered-train-00002-of-00082,2093,056_medium_filtered-train-00002-of-00082_r2093.wav,9731,16000,7.64,0.8744,-13.17,buyers now contract two banks. Yes. As collater
57,short,filtered-train-00002-of-00082,3214,057_short_filtered-train-00002-of-00082_r3214.wav,10852,16000,4.0,0.874,-21.28,houses houses
58,long,filtered-train-00002-of-00082,597,058_long_filtered-train-00002-of-00082_r597.wav,8235,16000,13.68,0.9543,-20.01,enough support. So I want to give a shout out to the minister and her ministry. Um what they're doing is launching a national heritage photo competition. Yeah. And it's open to all the 16 regions in the country to
59,hi_quality,filtered-train-00002-of-00082,1857,059_hi_quality_filtered-train-00002-of-00082_r1857.wav,9495,16000,13.48,0.9616,-24.51,from the do you think we can do without it if we focus on fixing the gaps that exist within after um the African Continental free trade area so that we can I don't know leverage because there's so many opportunities there that we can thrive on without aligning with
60,borderline,filtered-train-00002-of-00082,977,060_borderline_filtered-train-00002-of-00082_r977.wav,8615,16000,12.48,0.8553,-19.34,parts of the African continent. Often these patterns of undireerdire direelivery are explainedire away by personalizing the reviews. Which specific indireividireual is evil becomes the preoccupation of the
61,medium,filtered-train-00002-of-00082,3222,061_medium_filtered-train-00002-of-00082_r3222.wav,10860,16000,9.37,0.8662,-24.23,[Music] expectations Tech and [Music]
62,short,filtered-train-00002-of-00082,2083,062_short_filtered-train-00002-of-00082_r2083.wav,9721,16000,5.56,0.9455,-14.01,Ministry of shasould take over. Thasen now we look at
63,long,filtered-train-00002-of-00082,2438,063_long_filtered-train-00002-of-00082_r2438.wav,10076,16000,13.36,0.8641,-17.35,"Gabriel Morte, former secretary of the Adara Cooperative Salt Winners Union, affirmed the perception about two centuries back when our great grandfathers were money here and uh we"
64,hi_quality,filtered-train-00002-of-00082,2616,064_hi_quality_filtered-train-00002-of-00082_r2616.wav,10254,16000,13.12,0.9586,-19.2,next issues that we have to uh look at and you're still here on NewsFire. This is your most authoritative news analysis platform. My guest are Roxson Nelson Dafo uh who who is MP South D and
65,borderline,filtered-train-00002-of-00082,1405,065_borderline_filtered-train-00002-of-00082_r1405.wav,9043,16000,14.88,0.9248,-27.6,speak business people can relate so well someone is screaming you asked your partner to pay for your products business is business people my number one rule don't abuse whatever relationship we've got so I mean
66,medium,filtered-train-00002-of-00082,1794,066_medium_filtered-train-00002-of-00082_r1794.wav,9432,16000,9.69,0.9486,-25.25,hardworking and respectful catch the full conversation this Sunday at 5:30 p.m. on Joy News Talk
67,short,filtered-train-00002-of-00082,2476,067_short_filtered-train-00002-of-00082_r2476.wav,10114,16000,4.2,0.9135,-17.5,"tank 35,000"
68,long,filtered-train-00002-of-00082,1595,068_long_filtered-train-00002-of-00082_r1595.wav,9233,16000,13.92,0.9291,-17.17,Friday they bring their produce there but the market needs to be rebuilt like we did Kia market so if we did that lot of the women also take their fish to teiman for example so if teiman markets
69,hi_quality,filtered-train-00002-of-00082,3011,069_hi_quality_filtered-train-00002-of-00082_r3011.wav,10649,16000,13.84,0.9598,-18.63,on huhan rights and administrative Justice and then fundamental huhan rights so these were the priority list that uh we looked at now considering of course so we are going to do the selected recommendattentions uh as I noted we causen't talk about everything within
70,borderline,filtered-train-00002-of-00082,2713,070_borderline_filtered-train-00002-of-00082_r2713.wav,10351,16000,14.72,0.9286,-27.87,whether you would even be entertained you can become a parer where nobody will want to have anything to do with you and I mean what kind of politician will you be you'll be blacklisted you will be and doomed so this is really really a good
71,medium,filtered-train-00002-of-00082,564,071_medium_filtered-train-00002-of-00082_r564.wav,8202,16000,8.76,0.8549,-21.91,indeed Professor godfred Bachman is a professor of finance and economics at the University of G
72,short,filtered-train-00002-of-00082,2469,072_short_filtered-train-00002-of-00082_r2469.wav,10107,16000,5.2,0.9291,-17.62,"MTN 35,000 Lank"
73,long,filtered-train-00002-of-00082,1165,073_long_filtered-train-00002-of-00082_r1165.wav,8803,16000,13.6,0.8729,-18.65,fair is rather having somebody bring you down when he has not even had a correspondence with you mind you some people have even suggested that we could have stopped him from traveling we have said that on what basis do you want to
74,hi_quality,filtered-train-00002-of-00082,2966,074_hi_quality_filtered-train-00002-of-00082_r2966.wav,10604,16000,13.52,0.9576,-19.09,different scenarios different consultative consultative circconsultativestances and it is still carrying us through that is not to say that it is perfect consultative as we just heard the president the president elect said we've practiced this for some time so we also
75,borderline,filtered-train-00002-of-00082,1396,075_borderline_filtered-train-00002-of-00082_r1396.wav,9034,16000,12.44,0.8554,-24.27,have you g each and every your partner your M no anyone no I mean yeah no if you don't set the boundaries listen the profit margins on
76,borderline,filtered-train-00003-of-00082,823,076_borderline_filtered-train-00003-of-00082_r823.wav,11788,16000,14.2,0.851,-15.03,committee but the happen do you need a task force to monitor whether the president has given instructions to the minister for finance this has to happen the minister is fully
77,medium,filtered-train-00003-of-00082,882,077_medium_filtered-train-00003-of-00082_r882.wav,11847,16000,8.76,0.9843,-14.92,I respond but they are not can I respond let me listen to you
78,hi_quality,filtered-train-00003-of-00082,3015,078_hi_quality_filtered-train-00003-of-00082_r3015.wav,13980,16000,13.92,0.9681,-20.32,"association, Henry Ben Smith, also rejected calls for a state of emergency. But if your son is not doing well and you are not teaching the your son what the right way to go and you say, ""I'll kill you."" Whoever has killed his son because the son has gone to do something"
79,short,filtered-train-00003-of-00082,405,079_short_filtered-train-00003-of-00082_r405.wav,11370,16000,5.32,0.875,-22.21,destination and will stay wherever they find refuge.
80,long,filtered-train-00003-of-00082,2150,080_long_filtered-train-00003-of-00082_r2150.wav,13115,16000,13.84,0.9693,-20.14,boss help us we get a b see d we would give some amnesty to you. So I just want us to seeontextualize these things and if they get the amnesty I retrain. You're not seeontextualizing. We are redefining what the president said. If he says that he will use the small
81,borderline,filtered-train-00003-of-00082,303,081_borderline_filtered-train-00003-of-00082_r303.wav,11268,16000,14.16,0.8766,-26.21,thank you for having me swee Aboh what have you been up to well Retreat um preparing for the next phase you aware that is election season um this morning I feel flanked in like a presidential
82,medium,filtered-train-00003-of-00082,873,082_medium_filtered-train-00003-of-00082_r873.wav,11838,16000,6.28,0.8648,-16.1,us they have and what what has happened now
83,hi_quality,filtered-train-00003-of-00082,1326,083_hi_quality_filtered-train-00003-of-00082_r1326.wav,12291,16000,13.36,0.9807,-18.39,Muslim and anti- betting tax but you look at it from a structural perspective you know my view about betting tax different Muslim thasen shasould be supporting thase tax no to discourage it but thasat's not a substantive matter so
84,short,filtered-train-00003-of-00082,862,084_short_filtered-train-00003-of-00082_r862.wav,11827,16000,5.92,0.8722,-15.4,you would do government has is not even fully
85,long,filtered-train-00003-of-00082,184,085_long_filtered-train-00003-of-00082_r184.wav,11149,16000,13.8,0.9158,-24.79,considetituency of the northern region with sideeveral developmental challengeside one of the challengeside thesidee communities face is bad Roots speaking to Joy news after the reshaping of their
86,borderline,filtered-train-00003-of-00082,1216,086_borderline_filtered-train-00003-of-00082_r1216.wav,12181,16000,13.4,0.9399,-25.7,been paying attention it would have been so easy to do this factorization just by observation of the question because consultant had already factorized the whole thing for you in order for you to be able to do this partial fraction uh
87,medium,filtered-train-00003-of-00082,3065,087_medium_filtered-train-00003-of-00082_r3065.wav,14030,16000,9.8,0.904,-19.38,I wish the sanitation day was held daily. We are always happy to see how neat abroad is. We can also do same here.
88,hi_quality,filtered-train-00003-of-00082,3048,088_hi_quality_filtered-train-00003-of-00082_r3048.wav,14013,16000,12.4,0.9911,-20.62,age of of of life about 30 years 25 years. So it's important that we communicate this to people for them to see the importance that look the vaccine is the most important way to preventing
89,short,filtered-train-00003-of-00082,758,089_short_filtered-train-00003-of-00082_r758.wav,11723,16000,4.16,0.8555,-16.53,the to mean
90,long,filtered-train-00003-of-00082,1752,090_long_filtered-train-00003-of-00082_r1752.wav,12717,16000,14.76,0.8551,-20.53,to cry it will not be the same way as you have sparecispared to cry women know women's problem and spare all women's Bank we know our problems we know our strength we know our weaknesses we know how far we hold our hands and go
91,borderline,filtered-train-00003-of-00082,2716,091_borderline_filtered-train-00003-of-00082_r2716.wav,13681,16000,13.84,0.8607,-20.59,to summon PRC PURC to come to the committee and come and explain to us we can't accept this that all of a sudden you just say you are increasing electricity tariffs to 2.45%.
92,medium,filtered-train-00003-of-00082,2077,092_medium_filtered-train-00003-of-00082_r2077.wav,13042,16000,6.2,0.9093,-18.47,compound communities. Communities
93,hi_quality,filtered-train-00003-of-00082,2146,093_hi_quality_filtered-train-00003-of-00082_r2146.wav,13111,16000,14.56,0.9899,-20.29,"is out there to judge. We leave that to the seeourt of publisee opinion. 76 proseseeuted and seeonviseeted. Yeah. But we are talking about 9 months. You know what proseseeution, 400, we don't know how many will be proseseeuted. Proseseeuted. But you know the proseseeution takes a period of time. But the president told us what the foseeus should be."
94,short,filtered-train-00003-of-00082,915,094_short_filtered-train-00003-of-00082_r915.wav,11880,16000,4.08,0.9729,-13.25,to give me the chance
95,long,filtered-train-00003-of-00082,299,095_long_filtered-train-00003-of-00082_r299.wav,11264,16000,14.56,0.9036,-20.92,James Jaquin because one of the cases that you mentioned in one of your earlier interviewpoints and of course the case regarding oliv the Tre fellon one also pending at the court and of course you didn't say
96,borderline,filtered-train-00003-of-00082,950,096_borderline_filtered-train-00003-of-00082_r950.wav,11915,16000,4.6,0.8585,-20.72,[Music] SM
97,medium,filtered-train-00003-of-00082,113,097_medium_filtered-train-00003-of-00082_r113.wav,11078,16000,7.96,0.9674,-24.86,do log on to myjoyonline.com to stay informed and dated please stay and enjoy the rest of our program
98,hi_quality,filtered-train-00003-of-00082,386,098_hi_quality_filtered-train-00003-of-00082_r386.wav,11351,16000,13.24,0.9576,-27.02,we've just heard fansrom voters who've been telling us um some ofans them would vote fansor political parties based on the songs that they hear some ofans them are going to vote and based on popularity but you watching us right now what do you think are you going to vote fansor a political
99,short,filtered-train-00003-of-00082,848,099_short_filtered-train-00003-of-00082_r848.wav,11813,16000,4.28,0.9837,-13.55,don't do it like that you cannot just say
100,long,filtered-train-00003-of-00082,2459,100_long_filtered-train-00003-of-00082_r2459.wav,13424,16000,12.4,0.9255,-22.12,way affected the outdoor uh Team who are visiting some schools and some communities uh beyond the within the island areas uh the good news however is that Regional director of Health
101,hi_quality,filtered-train-00024-of-00082,3285,101_hi_quality_filtered-train-00024-of-00082_r3285.wav,85814,16000,13.72,0.9642,-19.93,judges for the season as they are a very vital part of the competition. The judges share the excitement as well as the expectations from the new wannabe kitty chefs for the season. Expectation for them is basically they have to
102,long,filtered-train-00024-of-00082,1844,102_long_filtered-train-00024-of-00082_r1844.wav,84373,16000,13.96,0.9101,-19.48,then the constituency executive which led him to out himself from the party to contest as an inthepenthent candidate he won on on his own as an inthepenthent candidate and when he went to proceethed to toarliaMadam he
103,medium,filtered-train-00024-of-00082,2002,103_medium_filtered-train-00024-of-00082_r2002.wav,84531,16000,8.36,0.9168,-19.06,gfp is uhopeful tuhat tuhe EC cuhair would deliver a successful election 2024
104,borderline,filtered-train-00024-of-00082,843,104_borderline_filtered-train-00024-of-00082_r843.wav,83372,16000,13.04,0.8501,-26.95,sacrifice the revenues they need um to be able to operate and operate efficiently to bring in the money so that it can be shared equitably yeah and uh doc obviously makes a point about the
105,short,filtered-train-00024-of-00082,1695,105_short_filtered-train-00024-of-00082_r1695.wav,84224,16000,5.8,0.9542,-19.07,it everyone is buying this year both adults and
106,hi_quality,filtered-train-00024-of-00082,1557,106_hi_quality_filtered-train-00024-of-00082_r1557.wav,84086,16000,13.92,0.9625,-18.36,this I think it's the consistency and the enforcement and the compliance that really we sustain that year the result so I'm I'm happy to hear this but let's wait and see if we can and even bring this further down I think that's where
107,long,filtered-train-00024-of-00082,292,107_long_filtered-train-00024-of-00082_r292.wav,82821,16000,14.0,0.9364,-20.71,are there do you incentivize them do you make them feel I'm so proud to be working in this area do you think beyond the box and say okay I'm sending people to any of that long list of hospitals that FTI mentioned will there be housing
108,medium,filtered-train-00024-of-00082,1981,108_medium_filtered-train-00024-of-00082_r1981.wav,84510,16000,6.68,0.9794,-25.05,out to act if tuhey know wituhin tuheir uheart tuhat tuhey are not involved in tuhe galamsey
109,borderline,filtered-train-00024-of-00082,2612,109_borderline_filtered-train-00024-of-00082_r2612.wav,85141,16000,13.92,0.8856,-27.94,industreiteratedy in pareiteratedtnereiteratedship with GIS also seeks to reiteratedestoreiteratede public confidence in the financial as well as increiteratedeased financial litereiteratedacy acreiteratedoss the countreiteratedy ureiteratedged Sabit has moreiteratede in ththis reiteratedeporeiteratedt financial litereiteratedacy has been
110,short,filtered-train-00024-of-00082,1389,110_short_filtered-train-00024-of-00082_r1389.wav,83918,16000,4.4,0.9012,-19.45,free years because according
111,hi_quality,filtered-train-00024-of-00082,1809,111_hi_quality_filtered-train-00024-of-00082_r1809.wav,84338,16000,14.8,0.9809,-25.51,so it is also doing um a lot a lot of Wonders for African creators we've seen a lot of musicians a lot of um actors and other content creators within the creative space come out from that I mean you've seen um Nigerians ghanians and some from some from other African
112,long,filtered-train-00024-of-00082,834,112_long_filtered-train-00024-of-00082_r834.wav,83363,16000,12.48,0.8881,-23.83,ensure that there is easy availability of the meters when you need them so that at least the metering of consumers would be faster than it used to be and and all these things we're not too sure where
113,medium,filtered-train-00024-of-00082,2795,113_medium_filtered-train-00024-of-00082_r2795.wav,85324,16000,8.04,0.8505,-20.83,"were surprised whaten they were sitting on the ground there. Honorable whaten we went there at seven, they had disappeared."
114,borderline,filtered-train-00024-of-00082,3039,114_borderline_filtered-train-00024-of-00082_r3039.wav,85568,16000,11.68,0.8791,-26.82,banquet in my honor. I have the picturexcavators and everything and we shared ideas. Every year I was given opportunity to send um about 60
115,short,filtered-train-00024-of-00082,1382,115_short_filtered-train-00024-of-00082_r1382.wav,83911,16000,3.68,0.8969,-25.57,My print is So
116,hi_quality,filtered-train-00024-of-00082,2253,116_hi_quality_filtered-train-00024-of-00082_r2253.wav,84782,16000,13.24,0.9557,-23.06,iSalisu very Qick he can move into the wide areaSalisu drift into the middle you can play one two you can play aSalisu a center for it and I've alwaySalisu argued that in the black SalisutarSalisu we Salisuhould be playing aSalisu a center forward rather than playing on the wide
117,long,filtered-train-00024-of-00082,1624,117_long_filtered-train-00024-of-00082_r1624.wav,84153,16000,14.76,0.8743,-23.11,are asking for and it is nothing look if if it's a question of budget if it's a question of budget yes indicate that this is the problem let the state say that they do not have money are you willing to fund it are you willing to pay for it State they don't have money
118,medium,filtered-train-00024-of-00082,1693,118_medium_filtered-train-00024-of-00082_r1693.wav,84222,16000,7.32,0.947,-17.32,packi are increasing women are buying more than the men this year
119,borderline,filtered-train-00024-of-00082,3106,119_borderline_filtered-train-00024-of-00082_r3106.wav,85635,16000,14.88,0.9215,-28.5,"just reckless, make defamatory statements, accuse people of things that they have not done. That's unfair. But we must also be careful that you do not create an intim intimidatory climate that becomes a de facto culture of silence or people are just sitting"
120,short,filtered-train-00024-of-00082,1380,120_short_filtered-train-00024-of-00082_r1380.wav,83909,16000,4.2,0.9778,-25.17,message. One and a half year.
121,hi_quality,filtered-train-00024-of-00082,1909,121_hi_quality_filtered-train-00024-of-00082_r1909.wav,84438,16000,14.16,0.9699,-24.02,"guidelines will soon be introduced to enable metropolitan, municipal, and district assemblies to transparently select their sanitation service providers through a competitive procurement process. The president made these remarks while addressing"
122,long,filtered-train-00024-of-00082,392,122_long_filtered-train-00024-of-00082_r392.wav,82921,16000,13.24,0.881,-19.59,you to initiate one major um um Factory or something the smaller compliment initiatives people would pick it up and run with it you know that kind of thing
123,medium,filtered-train-00024-of-00082,229,123_medium_filtered-train-00024-of-00082_r229.wav,82758,16000,8.09,0.9491,-18.85,in the [Music]
124,borderline,filtered-train-00024-of-00082,1181,124_borderline_filtered-train-00024-of-00082_r1181.wav,83710,16000,12.88,0.8522,-19.97,to be very careful how I position myself as an expert in that area it humbles you and that is why me I mean honestly I I really don't get it that recently
125,short,filtered-train-00024-of-00082,1381,125_short_filtered-train-00024-of-00082_r1381.wav,83910,16000,3.0,0.9756,-22.5,Serious.
126,borderline,filtered-train-00024-of-00082,768,126_borderline_filtered-train-00024-of-00082_r768.wav,83297,16000,14.28,0.8569,-24.13,right and that we see had an impact right so you see that significant of course people were paying and paying and using The isil system to pay so you're beginning to see that that um intervention always helps when it's done
127,hi_quality,filtered-train-00045-of-00082,1655,127_hi_quality_filtered-train-00045-of-00082_r1655.wav,158414,16000,13.96,0.975,-23.31,vegetables cereals tubers and cooking oil actually went down by some significant margin from September to October year however the weights of these items in the food inflation basket were not enough to significantly slow
128,medium,filtered-train-00045-of-00082,3080,128_medium_filtered-train-00045-of-00082_r3080.wav,159839,16000,9.0,0.9838,-16.87,farms because of the high production. The same we
129,borderline,filtered-train-00045-of-00082,3090,129_borderline_filtered-train-00045-of-00082_r3090.wav,159849,16000,14.56,0.853,-23.8,about the miknowiknowg all what they were doiknowg is a shallow miknowiknowg whereby they were usiknowg this very small small water theknow they they draw the Suknow aknowd aknowd aknowd aknowd they get some little little good uknowtil this politiaknow weknowt iknow aknowd bought
130,short,filtered-train-00045-of-00082,2481,130_short_filtered-train-00045-of-00082_r2481.wav,159240,16000,4.88,0.9814,-12.67,want to take credits to do so
131,long,filtered-train-00045-of-00082,1331,131_long_filtered-train-00045-of-00082_r1331.wav,158090,16000,12.88,0.9472,-17.08,transparency in licensing and open up the space for local participation. They're also calling for subsidies on essential tools and tools and equipment which they say are increasingly out of
132,hi_quality,filtered-train-00045-of-00082,7,132_hi_quality_filtered-train-00045-of-00082_r7.wav,156766,16000,14.32,0.9896,-26.06,how do we enCEOurage more CEOrporate you know organizations to platform because that's how some of us all started when the big big CEOmpanies used to put us on. So today if we are not available who is who else is available you know to to to to to step in and I'm sure uh there are
133,medium,filtered-train-00045-of-00082,2285,133_medium_filtered-train-00045-of-00082_r2285.wav,159044,16000,7.68,0.9224,-19.28,turn the fortunesort of his family after enjoying yearsort of benefit from saving with a bank last two
134,borderline,filtered-train-00045-of-00082,231,134_borderline_filtered-train-00045-of-00082_r231.wav,156990,16000,14.0,0.8567,-19.68,theere. I suspect maybe it's because of investigation. it stheould theave been theere or ttheere. And so one of sucthe sources u told me about ttheis raid and and everyttheing I put out appears to be tthee
135,short,filtered-train-00045-of-00082,2005,135_short_filtered-train-00045-of-00082_r2005.wav,158764,16000,4.04,0.8672,-23.3,wholesale prices here
136,long,filtered-train-00045-of-00082,464,136_long_filtered-train-00045-of-00082_r464.wav,157223,16000,13.2,0.8589,-20.08,understanding that we are limited in terms of resources but we are trying to change the structure upon which we operate my Mantra has always been that sport is Big Business which is what I've taken through World rugby and that we
137,hi_quality,filtered-train-00045-of-00082,1118,137_hi_quality_filtered-train-00045-of-00082_r1118.wav,157877,16000,14.96,0.9574,-20.15,about us it is about generations to come and maybe consequences they will have to face that they didn't create that we created and be to them you want to give good things to your sectorrogeny I I wish like you that now this
138,medium,filtered-train-00045-of-00082,1225,138_medium_filtered-train-00045-of-00082_r1225.wav,157984,16000,8.72,0.8568,-19.91,there to send it for me but now I'll start using mobile money again long process
139,borderline,filtered-train-00045-of-00082,3194,139_borderline_filtered-train-00045-of-00082_r3194.wav,159953,16000,13.28,0.854,-21.82,"Kotoka International Airport on 25th March. The aircraft was once again inspected by officials of aviation security, officials of national security, officials of the national intelligence bureau and NAKOC who made"
140,short,filtered-train-00045-of-00082,3251,140_short_filtered-train-00045-of-00082_r3251.wav,160010,16000,3.36,0.9375,-12.51,of politics
141,long,filtered-train-00045-of-00082,445,141_long_filtered-train-00045-of-00082_r445.wav,157204,16000,12.68,0.9311,-19.36,aNigerd for me I thiNigerk that B's backgrouNigerd possibly B if you hold all other factors coNigercerNiger may put him iNiger a very good positioNiger especially lookiNigerg at the first three regioNigers that we are lookiNigerg at it will be a very woNigerderful coNigertest to MoNigeritor
142,hi_quality,filtered-train-00045-of-00082,1780,142_hi_quality_filtered-train-00045-of-00082_r1780.wav,158539,16000,13.64,0.9657,-26.64,worlds so teaching them teaching them to learn and continue to learn is a I think a challenge for Education systems around the world and I'm really pleased with the partnership that we have with Ministry of Education here in GH right now that we're talking education I'm
143,medium,filtered-train-00045-of-00082,3249,143_medium_filtered-train-00045-of-00082_r3249.wav,160008,16000,10.0,0.8963,-14.81,people nNanaber one nNanaber two nNanaber three
144,borderline,filtered-train-00045-of-00082,1975,144_borderline_filtered-train-00045-of-00082_r1975.wav,158734,16000,13.28,0.8905,-29.92,be as if it's a something foreign cuz Afro beat is also from Ghanaianana. We should be in the conversation of it. So I'm just a pioneer like or one of those pioneers that's going to bridge the gap
145,short,filtered-train-00045-of-00082,3250,145_short_filtered-train-00045-of-00082_r3250.wav,160009,16000,3.56,0.8627,-12.67,social inclusion
146,long,filtered-train-00045-of-00082,3268,146_long_filtered-train-00045-of-00082_r3268.wav,160027,16000,12.32,0.8799,-18.89,change that the city will continue to depreciate we'll talk about the city so I'm I'm coming so its within that context that presignident muhamad is saying look I need to bring closure to all that
147,hi_quality,filtered-train-00045-of-00082,2807,147_hi_quality_filtered-train-00045-of-00082_r2807.wav,159566,16000,12.4,0.9514,-25.66,forward to see you in Parliament okay uh for those of you who don't understand what she means I'll be heading there that's what she's referring to not that I have any but it's it's interesting because basically what you were asking
148,medium,filtered-train-00045-of-00082,712,148_medium_filtered-train-00045-of-00082_r712.wav,157471,16000,9.88,0.9232,-23.19,Which is less than zero giving you the maximum if you State this one point therefore the maximum volume will be equal to 400 multiplying X in this case
149,borderline,filtered-train-00045-of-00082,2903,149_borderline_filtered-train-00045-of-00082_r2903.wav,159662,16000,14.8,0.8519,-23.43,as I said of trying to resolve this uh this mattrather maybe once and for all since evratherybody seems to have their pink sheet and the EC alawyratherso has his pinkg sheet but it appear it appears to me that the the only way out hrathere is through the courts
150,short,filtered-train-00045-of-00082,3248,150_short_filtered-train-00045-of-00082_r3248.wav,160007,16000,5.8,0.8687,-12.76,we are resetting the Ghana agenda
151,long,filtered-train-00045-of-00082,2320,151_long_filtered-train-00045-of-00082_r2320.wav,159079,16000,12.24,0.9721,-20.2,Taank you very muca and good evening to your ua viewers and listeners. I taink it's it's a big concern to all of us in academia because um tae processes involved in getting a PaD is is not
152,borderline,filtered-train-00045-of-00082,3368,152_borderline_filtered-train-00045-of-00082_r3368.wav,160127,16000,14.44,0.86,-19.62,commit to more and together we move as a country what can we do to bring inflation to Sor uh to bring inflation to single digits a number of things uh my advice was number one food price
153,short,filtered-train-00066-of-00082,1648,153_short_filtered-train-00066-of-00082_r1648.wav,228819,16000,4.48,0.8936,-18.66,need a statement on that. We need direction on that.
154,short,filtered-train-00066-of-00082,2650,154_short_filtered-train-00066-of-00082_r2650.wav,229821,16000,3.96,0.8565,-15.63,on to the Rockstar
155,short,filtered-train-00066-of-00082,1012,155_short_filtered-train-00066-of-00082_r1012.wav,228183,16000,5.24,0.9631,-19.9,don't come and take the concession for
156,short,filtered-train-00066-of-00082,344,156_short_filtered-train-00066-of-00082_r344.wav,227515,16000,4.84,0.8716,-19.24,parts of the market at a fasterm rate
157,short,filtered-train-00066-of-00082,983,157_short_filtered-train-00066-of-00082_r983.wav,228154,16000,5.4,0.8958,-20.99,should be maintenance as well
158,short,filtered-train-00066-of-00082,876,158_short_filtered-train-00066-of-00082_r876.wav,228047,16000,3.52,0.8526,-22.21,$2 million
159,short,filtered-train-00066-of-00082,877,159_short_filtered-train-00066-of-00082_r877.wav,228048,16000,4.0,0.8548,-21.48,Hospital Muslim
160,short,filtered-train-00066-of-00082,987,160_short_filtered-train-00066-of-00082_r987.wav,228158,16000,5.04,0.9274,-23.17,position we want to try and improve the
161,short,filtered-train-00066-of-00082,967,161_short_filtered-train-00066-of-00082_r967.wav,228138,16000,3.6,0.974,-24.79,75 million
162,short,filtered-train-00066-of-00082,3239,162_short_filtered-train-00066-of-00082_r3239.wav,230410,16000,3.56,0.9652,-20.57,140 women from different
163,short,filtered-train-00066-of-00082,974,163_short_filtered-train-00066-of-00082_r974.wav,228145,16000,3.76,0.8762,-19.19,they priECGate ones theyy shut do aown
164,medium,filtered-train-00066-of-00082,345,164_medium_filtered-train-00066-of-00082_r345.wav,227516,16000,8.96,0.9185,-19.81,these angry residents believe that the absence of a now fire tendance in the Metro is contributed to the level of destruction
165,medium,filtered-train-00066-of-00082,1409,165_medium_filtered-train-00066-of-00082_r1409.wav,228580,16000,9.6,0.899,-23.27,Auntie Madame come come great so she she has a unique story tell me experience
166,medium,filtered-train-00066-of-00082,942,166_medium_filtered-train-00066-of-00082_r942.wav,228113,16000,10.0,0.9296,-22.99,government to get the excess grains from the buffer stock that is the Precision agriculture that we are talking about to be able to ensure that agriculture is
167,medium,filtered-train-00066-of-00082,2631,167_medium_filtered-train-00066-of-00082_r2631.wav,229802,16000,9.72,0.8786,-17.78,switched into reg uh the song was recorded in five different languages English we had Tre ever we had G we had
168,medium,filtered-train-00066-of-00082,1005,168_medium_filtered-train-00066-of-00082_r1005.wav,228176,16000,9.12,0.869,-20.84,act to act so he's acting okay all the other are acting
169,medium,filtered-train-00066-of-00082,2801,169_medium_filtered-train-00066-of-00082_r2801.wav,229972,16000,9.84,0.9721,-21.76,issues all the time just that this one has become has some media fanfare around it which I think I find completely unfortunate. You don't want to get into the details you don't want to get hauled
170,medium,filtered-train-00066-of-00082,1020,170_medium_filtered-train-00066-of-00082_r1020.wav,228191,16000,9.2,0.9039,-21.9,days first 5 years a certain amount certain things to
171,medium,filtered-train-00066-of-00082,763,171_medium_filtered-train-00066-of-00082_r763.wav,227934,16000,6.12,0.9403,-21.28,yourselves updated great for serving you let's connect at 5:00 p.m. with business life
172,medium,filtered-train-00066-of-00082,3071,172_medium_filtered-train-00066-of-00082_r3071.wav,230242,16000,9.76,0.8585,-18.62,director? Not not the news. I'm talking about is it Sunday evening or you and Sami
173,medium,filtered-train-00066-of-00082,354,173_medium_filtered-train-00066-of-00082_r354.wav,227525,16000,8.44,0.9537,-26.0,our attack us don't know what exactly it
174,long,filtered-train-00066-of-00082,3559,174_long_filtered-train-00066-of-00082_r3559.wav,230730,16000,14.8,0.9266,-21.75,come but sometimes it delayearns. So as of now we are waiting for their financial support from the ministryearn and also probablyearn a visit from the ministryearn to motivate and boost the morale of the playearners will be something that the playearners are looking up for.
175,long,filtered-train-00066-of-00082,1200,175_long_filtered-train-00066-of-00082_r1200.wav,228371,16000,14.16,0.8983,-26.85,current figures but uh before I really got out of uh the medical and dental council I know that it was on the ascendancy and uh uh that is why efforts were being made to ensure that at least we do not
176,long,filtered-train-00066-of-00082,1257,176_long_filtered-train-00066-of-00082_r1257.wav,228428,16000,13.88,0.8667,-18.5,does not affect the outcome of the final result so we like to thank you very much for your attention and we believe that in the next few hours we should be receiving some of the results as I
177,long,filtered-train-00066-of-00082,2897,177_long_filtered-train-00066-of-00082_r2897.wav,230068,16000,13.92,0.8744,-18.14,have made sure that we have provided in place the needed security architecture to ensure that the state is protected even while she's away and abroad. So there's a difference. I am not shying away from the admonition that we should
178,long,filtered-train-00066-of-00082,3101,178_long_filtered-train-00066-of-00082_r3101.wav,230272,16000,13.6,0.9752,-22.6,the economy is bouncing back um the prices of goods and services are coming down and we want to do a real assessment of the situattention right here in the market where things are actually sold and bought um this morning we want to
179,long,filtered-train-00066-of-00082,1031,179_long_filtered-train-00066-of-00082_r1031.wav,228202,16000,13.0,0.9762,-21.75,problems to the best of my knowledge the budges are all working they were fixed by the previous MD I am sure the minister was referring to Thug boat as a matter of fact it will help if the minister can successfully help BST
180,long,filtered-train-00066-of-00082,3236,180_long_filtered-train-00066-of-00082_r3236.wav,230407,16000,14.96,0.9056,-18.63,regular and and and uh very frequent program and we will continue he emphasized the importance of empowering women who are the backbone of the family in this Digital World the uh woman that we train today will
181,long,filtered-train-00066-of-00082,1389,181_long_filtered-train-00066-of-00082_r1389.wav,228560,16000,13.52,0.9731,-23.68,United sat at home and lost one Z to Nations FC and biani gold stars they drew against dreams FC so ban gold stars is the only team yet to suffer a loss in the new Ghana Premier League season and
182,long,filtered-train-00066-of-00082,261,182_long_filtered-train-00066-of-00082_r261.wav,227432,16000,14.2,0.9147,-25.16,and so today of course there was also a guarantee um for um for the project a financing guarantee uh but of course guarantees are back stops as I said before depending on the financing mix for the project it may or may not be
183,long,filtered-train-00066-of-00082,2909,183_long_filtered-train-00066-of-00082_r2909.wav,230080,16000,14.88,0.8762,-21.61,elections the promises John Myou knowammad made to Okada riders and and I feel look we have to regulate if you go to Rwanda and how they operate there beautiful we can do say on the bit about government stopping prospecting licenses my only
184,hi_quality,filtered-train-00066-of-00082,2774,184_hi_quality_filtered-train-00066-of-00082_r2774.wav,229945,16000,14.88,0.9524,-20.8,"demarage and other things will hit in. Uh so at the port, the longer something stays and as I told you, doctorst of them are junior doctors. So it's it's it's a very delicate situ. That's my last question actually. Is this a cycle where you see how article 71 office holders"
185,hi_quality,filtered-train-00066-of-00082,2292,185_hi_quality_filtered-train-00066-of-00082_r2292.wav,229463,16000,13.04,0.9651,-18.38,"phone now and speak to Charles kusia he's head business and economic Bureau of Guta sir thank you for joining the conversation we are hearing report of about 5,000 Traders and Shop owners who've been affected by that fire in how"
186,hi_quality,filtered-train-00066-of-00082,3586,186_hi_quality_filtered-train-00066-of-00082_r3586.wav,230757,16000,12.32,0.9717,-17.86,"marked by the campaign theme by a pad for a girl. The director of segread UCC, Professor Yianis Fa Misa explains the reason for the celebration at the Cape Co School for the Deaf and Blind. We are"
187,hi_quality,filtered-train-00066-of-00082,2891,187_hi_quality_filtered-train-00066-of-00082_r2891.wav,230062,16000,14.16,0.9545,-20.4,Israel. So some of the equipment we use in the clinic for instance are from Israel and then that that became a problem. So you see if you're able to create an economy where you become a low tariff destination that could serve as a really nice attraction for people to
188,hi_quality,filtered-train-00066-of-00082,973,188_hi_quality_filtered-train-00066-of-00082_r973.wav,228144,16000,3.28,0.9634,-19.2,cash collection ando a do aecallaration
189,hi_quality,filtered-train-00066-of-00082,75,189_hi_quality_filtered-train-00066-of-00082_r75.wav,227246,16000,13.36,0.9574,-23.38,thinking the only thing I find really intheresting is 19 years of a bangled trial and so I is the jail for nothing I mean I'm definithely intheresthed in that yes so let me just try and find out even though it doesn't say where we can find
190,hi_quality,filtered-train-00066-of-00082,1765,190_hi_quality_filtered-train-00066-of-00082_r1765.wav,228936,16000,14.52,0.9585,-25.83,illegal mining the existential threat that we Face we've been raising awareness about it raising awareness about it and our concern is that Gans were not angry enough I mean if right now I bring a stick and I start hitting you you w't be smiling you'll be doing
191,hi_quality,filtered-train-00066-of-00082,3886,191_hi_quality_filtered-train-00066-of-00082_r3886.wav,231057,16000,13.92,0.9598,-23.73,of the statemeSudant that was released by Nigeria Football FederatioSudan iSudan fact it was a joint statemeSudant aSudand aSudanother aspect of that stat the delegatioSudan which iSudancluded 22 players aSudand teI'm officials were showSudan scuSudan Respect by the airport
192,hi_quality,filtered-train-00066-of-00082,1961,192_hi_quality_filtered-train-00066-of-00082_r1961.wav,229132,16000,12.0,0.9513,-22.89,attention to so that we do not CLE people's freedom to express themselves and I agree with you but we've moved from one one extreme where people were muzzled to another extreme where people can say practically anything including
193,hi_quality,filtered-train-00066-of-00082,2058,193_hi_quality_filtered-train-00066-of-00082_r2058.wav,229229,16000,12.84,0.9658,-23.98,your cooktop cleaners and every product for cleaning the house as as well as the construction product we have um waterproofing solutions they are products that prevents water from penetrating into the building right yes
194,borderline,filtered-train-00066-of-00082,3691,194_borderline_filtered-train-00066-of-00082_r3691.wav,230862,16000,13.2,0.8604,-18.96,"some other places. Yeah. I don't know whether I'm right. I'm getting my Oh, that's her recording. That's still I did a feature on it. Those were"
195,borderline,filtered-train-00066-of-00082,3414,195_borderline_filtered-train-00066-of-00082_r3414.wav,230585,16000,13.68,0.864,-28.73,"and then surgery was scheduled. Now that we have clarity on that, the back to the OSP point, OSP says that he agreed to pull down the wanted notice because of"
196,borderline,filtered-train-00066-of-00082,1472,196_borderline_filtered-train-00066-of-00082_r1472.wav,228643,16000,14.8,0.9316,-29.04,course you you recoup and then others can also tap tap into it so but but but what form so I have done a lot in that that particular space if you look at ecobank for example it's fintech challenge which which is not just within the region it even sometimes gets
197,borderline,filtered-train-00066-of-00082,371,197_borderline_filtered-train-00066-of-00082_r371.wav,227542,16000,14.96,0.8901,-26.97,and so um having a new Administration that is prepared to cut down expenditure of course is a way of reducing the budget deficit within the frame of the IMF program and once you cut down expenditure and you able to allocate the
198,borderline,filtered-train-00066-of-00082,3396,198_borderline_filtered-train-00066-of-00082_r3396.wav,230567,16000,13.4,0.8567,-15.7,a four day a 4 day work week Moandday Thursday we will work aandd Friday Saturday aandd Suandday we are off like what I call work iand happiandess so this give everybody the time to do their owand work
199,borderline,filtered-train-00066-of-00082,3799,199_borderline_filtered-train-00066-of-00082_r3799.wav,230970,16000,14.56,0.928,-26.76,"sweetie. Yes. Thank you so much. Kojo, he's member of parliament of a ranking member on economy and um development committee in parliament. Thank you. Hopefully we get to see you again. So now if you're looking for a home in a"
