wav_file,stratum,shard,clip_frac,silence_frac,duty,mod_std,flatness,centroid,start_ratio,end_ratio,flags,n_flags
000_hi_quality_filtered-train-00000-of-00082_r969.wav,hi_quality,filtered-train-00000-of-00082,0.0,0.0616600790513834,0.7636363636363637,10.529136657714844,0.052508704364299774,2204.6661377875566,0.6276402991236258,0.9868593906697746,,0
001_borderline_filtered-train-00000-of-00082_r166.wav,borderline,filtered-train-00000-of-00082,0.0,0.0675219446320054,0.7062795408507765,11.717306137084961,0.07993046939373016,2364.5529441992003,0.8696080403687234,1.3352203778381806,abrupt_end,1
002_long_filtered-train-00000-of-00082_r1687.wav,long,filtered-train-00000-of-00082,0.0,0.08260577568838147,0.8072531900604433,8.708133697509766,0.036786459386348724,1636.045145983076,0.7935413077118113,1.2438075044563768,,0
003_short_filtered-train-00000-of-00082_r1650.wav,short,filtered-train-00000-of-00082,0.0,0.0,0.9676470588235294,4.871401309967041,0.003751851385459304,1299.0760642019645,1.2576239920443848,0.9203616762875201,,0
004_medium_filtered-train-00000-of-00082_r462.wav,medium,filtered-train-00000-of-00082,0.0,0.053703703703703705,0.8518518518518519,9.337056159973145,0.0550907626748085,1981.5774466564242,1.0948613253244617,0.2840752392439011,,0
005_hi_quality_filtered-train-00000-of-00082_r2056.wav,hi_quality,filtered-train-00000-of-00082,0.0,0.0,0.8401332223147377,8.196478843688965,0.019882403314113617,1959.8600497611117,1.6145588142200664,0.9428044599812446,abrupt_start,1
006_borderline_filtered-train-00000-of-00082_r3066.wav,borderline,filtered-train-00000-of-00082,0.0,0.2043956043956044,0.7355311355311356,13.378006935119629,0.03430357947945595,1570.4100829925205,0.5954633849975333,0.2867845919429976,,0
007_long_filtered-train-00000-of-00082_r277.wav,long,filtered-train-00000-of-00082,0.0,0.03038487508440243,0.8055367994598245,10.945615768432617,0.02426484413444996,1564.9351237268056,0.9365286651827645,0.9742687404460529,,0
008_short_filtered-train-00000-of-00082_r898.wav,short,filtered-train-00000-of-00082,0.0,0.0,0.8922018348623854,6.256054401397705,0.04416661337018013,2943.277277231505,0.08543649705386291,1.1598154046886424,,0
009_medium_filtered-train-00000-of-00082_r902.wav,medium,filtered-train-00000-of-00082,0.0,0.11710677382319173,0.8220436280137773,10.858627319335938,0.029394980520009995,2428.4992451339167,0.19350557786213946,1.0440124184202015,,0
010_hi_quality_filtered-train-00000-of-00082_r1769.wav,hi_quality,filtered-train-00000-of-00082,0.0,0.004095563139931741,0.9201365187713311,5.803625106811523,0.04234173148870468,2367.480692951131,1.3002927777671354,0.9469292086398438,,0
011_borderline_filtered-train-00000-of-00082_r3309.wav,borderline,filtered-train-00000-of-00082,0.0,0.18986438258386867,0.7780157030692363,14.177042961120605,0.025332512333989143,1581.4888555817256,1.435620194901203,0.5318148337676767,,0
012_long_filtered-train-00000-of-00082_r569.wav,long,filtered-train-00000-of-00082,0.0,0.034129692832764506,0.7023890784982935,10.960102081298828,0.06809384375810623,2556.4049900859595,1.2604978828907005,1.3404108659682925,abrupt_end,1
013_short_filtered-train-00000-of-00082_r154.wav,short,filtered-train-00000-of-00082,0.0,0.1867145421903052,0.7289048473967684,18.10320472717285,0.08679158240556717,2630.972168464717,1.0081357982451038,0.0401366944508056,,0
014_medium_filtered-train-00000-of-00082_r3010.wav,medium,filtered-train-00000-of-00082,0.0,0.10362694300518134,0.8269430051813471,11.78956127166748,0.03870725259184837,2062.7263049929675,1.5127297973214089,0.504934270924839,abrupt_start,1
015_hi_quality_filtered-train-00000-of-00082_r350.wav,hi_quality,filtered-train-00000-of-00082,0.0,0.03345724907063197,0.8029739776951673,10.329972267150879,0.021174253895878792,1427.1320532847694,0.379486534218518,0.5043772555410218,,0
016_borderline_filtered-train-00000-of-00082_r3233.wav,borderline,filtered-train-00000-of-00082,0.0,0.11203633610900833,0.789553368660106,11.689523696899414,0.06410869210958481,1939.7669594265146,2.197930055634382,0.823984942887198,abrupt_start,1
017_long_filtered-train-00000-of-00082_r933.wav,long,filtered-train-00000-of-00082,0.0,0.0,0.8727969348659004,7.568333148956299,0.05886210501194,2316.659172129444,0.8177512500400116,1.4034356032327369,abrupt_end,1
018_short_filtered-train-00000-of-00082_r2491.wav,short,filtered-train-00000-of-00082,0.0,0.0,0.8457583547557841,7.875493049621582,0.012713714502751827,1188.0558171026696,0.9597094261296237,1.1779019211436361,,0
019_medium_filtered-train-00000-of-00082_r2755.wav,medium,filtered-train-00000-of-00082,0.0,0.005319148936170213,0.9063829787234042,6.609830856323242,0.010226820595562458,1124.5266228824805,0.7920655671303479,0.9899250735406786,,0
020_hi_quality_filtered-train-00000-of-00082_r1321.wav,hi_quality,filtered-train-00000-of-00082,0.0,0.02178649237472767,0.7821350762527233,9.731127738952637,0.017875561490654945,1819.2122821950104,1.5068692538935402,1.0057282564624161,abrupt_start,1
021_borderline_filtered-train-00000-of-00082_r2646.wav,borderline,filtered-train-00000-of-00082,0.0,0.034482758620689655,0.9049808429118774,7.683919906616211,0.022406643256545067,1897.740477598338,2.0563536314411794,0.8887381910390747,abrupt_start,1
022_long_filtered-train-00000-of-00082_r1975.wav,long,filtered-train-00000-of-00082,0.0,0.0,0.7799858055358411,9.980966567993164,0.051338084042072296,1992.7948914592778,1.013295296429387,0.5627594263237803,,0
023_medium_filtered-train-00000-of-00082_r2474.wav,medium,filtered-train-00000-of-00082,0.0,0.011034482758620689,0.8993103448275862,9.556792259216309,0.03489406779408455,1745.8469885601735,1.583943118412296,0.3708902148313618,abrupt_start,1
024_borderline_filtered-train-00000-of-00082_r451.wav,borderline,filtered-train-00000-of-00082,0.0,0.23719298245614034,0.6842105263157895,16.000652313232422,0.019119393080472946,1488.825013018496,2.593964060891942,0.7168376302002885,abrupt_start,1
025_borderline_filtered-train-00001-of-00082_r440.wav,borderline,filtered-train-00001-of-00082,0.0,0.11148421759570182,0.7320349227669577,14.000700950622559,0.04161546751856804,1756.32342450814,1.2311541923725733,1.073660852204746,,0
026_short_filtered-train-00001-of-00082_r3669.wav,short,filtered-train-00001-of-00082,0.0,0.12624584717607973,0.8338870431893688,11.14511489868164,0.023749254643917084,1827.7461248793406,1.3908873791695304,0.02083848230430367,,0
027_medium_filtered-train-00001-of-00082_r3842.wav,medium,filtered-train-00001-of-00082,0.0,0.0,0.961081081081081,6.987612724304199,0.012685463763773441,1244.984314921454,1.074793375579321,1.1044877654872067,,0
028_hi_quality_filtered-train-00001-of-00082_r825.wav,hi_quality,filtered-train-00001-of-00082,0.0,0.011011699931176875,0.7515485203028217,9.886181831359863,0.05334148183465004,1783.6185648239136,0.6022500917938599,1.1254814391196732,,0
029_long_filtered-train-00001-of-00082_r1343.wav,long,filtered-train-00001-of-00082,0.0,0.037383177570093455,0.7920560747663551,10.248705863952637,0.049376823008060455,1909.6734183976232,1.1645022245272398,1.427805881570814,abrupt_end,1
030_borderline_filtered-train-00001-of-00082_r438.wav,borderline,filtered-train-00001-of-00082,0.0,0.12855113636363635,0.7414772727272727,13.816262245178223,0.04588693380355835,1879.4504220938259,0.3711292644618825,1.1070135885011236,,0
031_short_filtered-train-00001-of-00082_r1892.wav,short,filtered-train-00001-of-00082,0.0,0.015015015015015015,0.7717717717717718,10.981459617614746,0.05486029013991356,2452.419989513259,0.8388031956251598,0.9946328342584353,,0
032_medium_filtered-train-00001-of-00082_r2624.wav,medium,filtered-train-00001-of-00082,0.0,0.12449255751014884,0.8146143437077131,12.292052268981934,0.04092002660036087,1599.228953957546,0.8828983007262372,0.15566839735849022,,0
033_hi_quality_filtered-train-00001-of-00082_r2918.wav,hi_quality,filtered-train-00001-of-00082,0.0,0.024521072796934867,0.7984674329501916,9.702537536621094,0.040703147649765015,2524.819409827241,1.3185048958371637,1.4097740153821878,abrupt_end,1
034_long_filtered-train-00001-of-00082_r1536.wav,long,filtered-train-00001-of-00082,0.0,0.1542513167795335,0.7351392024078255,16.279624938964844,0.023694157600402832,1347.8123880271753,1.7140808113215877,1.0809458541504369,abrupt_start,1
035_borderline_filtered-train-00001-of-00082_r1138.wav,borderline,filtered-train-00001-of-00082,0.0,0.11593059936908517,0.8115141955835962,10.38927936553955,0.02189318649470806,1798.7841639621008,1.1115669663065069,1.1231851950246032,,0
036_short_filtered-train-00001-of-00082_r905.wav,short,filtered-train-00001-of-00082,0.0,0.0,0.8151260504201681,9.108964920043945,0.09179019927978516,2616.057963516672,0.6530043007753435,0.31974463616191995,,0
037_medium_filtered-train-00001-of-00082_r904.wav,medium,filtered-train-00001-of-00082,0.0,0.0,0.7858156028368795,10.289983749389648,0.0688585713505745,2534.74926678036,0.976446721608024,1.1372470004903736,,0
038_hi_quality_filtered-train-00001-of-00082_r1570.wav,hi_quality,filtered-train-00001-of-00082,0.0,0.009056603773584906,0.8384905660377359,9.195260047912598,0.08669646084308624,2889.0120132227617,0.7040819974495784,1.3588886661206006,abrupt_end,1
039_long_filtered-train-00001-of-00082_r2099.wav,long,filtered-train-00001-of-00082,0.0,0.0007347538574577516,0.742836149889787,10.204010963439941,0.02636287547647953,1493.2686407525543,0.9741847713968955,1.5640611868135772,abrupt_end,1
040_borderline_filtered-train-00001-of-00082_r912.wav,borderline,filtered-train-00001-of-00082,0.0,0.026385224274406333,0.731750219876869,13.566971778869629,0.08516795188188553,2785.9552464837134,0.855474347378338,0.48862577187444395,,0
041_short_filtered-train-00001-of-00082_r2628.wav,short,filtered-train-00001-of-00082,0.0,0.0,0.8528528528528528,8.671954154968262,0.017158014699816704,1615.322478295689,0.38632949831956737,0.2952867168057974,,0
042_medium_filtered-train-00001-of-00082_r1274.wav,medium,filtered-train-00001-of-00082,0.0,0.0020470829068577278,0.9508700102354145,4.84653377532959,0.04670926183462143,2327.249766902702,0.9952731764115751,1.0681138949522404,,0
043_hi_quality_filtered-train-00001-of-00082_r1344.wav,hi_quality,filtered-train-00001-of-00082,0.0,0.004120879120879121,0.8406593406593407,7.8842244148254395,0.09440887719392776,3017.836922541096,0.38929435649460864,0.8784547919869125,,0
044_long_filtered-train-00001-of-00082_r3283.wav,long,filtered-train-00001-of-00082,0.0,0.1300204220558203,0.7903335602450646,14.177133560180664,0.052389513701200485,2237.285593690509,1.8343325968828017,0.7991380731858592,abrupt_start,1
045_borderline_filtered-train-00001-of-00082_r922.wav,borderline,filtered-train-00001-of-00082,0.0,0.09826589595375723,0.7615606936416185,17.089542388916016,0.0383695587515831,1952.1690507222543,0.3959814892495368,0.28973623830120887,,0
046_short_filtered-train-00001-of-00082_r2534.wav,short,filtered-train-00001-of-00082,0.0,0.03007518796992481,0.8533834586466166,12.771318435668945,0.060254693031311035,2134.20614296801,1.188357034504774,0.07500394496872743,,0
047_medium_filtered-train-00001-of-00082_r636.wav,medium,filtered-train-00001-of-00082,0.0,0.011180124223602485,0.8434782608695652,8.70953369140625,0.01886405050754547,1504.3796305455742,0.8327033746551205,0.5263780134027577,,0
048_hi_quality_filtered-train-00001-of-00082_r1356.wav,hi_quality,filtered-train-00001-of-00082,0.0,0.0,0.9799196787148594,4.467591285705566,0.01993739604949951,1931.064833568761,1.1428540529970086,0.7895802322551722,,0
049_long_filtered-train-00001-of-00082_r344.wav,long,filtered-train-00001-of-00082,0.0,0.07127112417340191,0.8405584129316679,12.24439811706543,0.05594368651509285,2881.207685101317,1.394938239129346,0.5715383678147186,,0
050_borderline_filtered-train-00001-of-00082_r2098.wav,borderline,filtered-train-00001-of-00082,0.0,0.0020093770931011385,0.768921634293369,10.467052459716797,0.05180054157972336,1850.9070012904629,1.5592900139281705,1.79803206188441,abrupt_end;abrupt_start,2
051_medium_filtered-train-00002-of-00082_r3287.wav,medium,filtered-train-00002-of-00082,0.0,0.07518796992481203,0.8330827067669173,12.974546432495117,0.020181147381663322,1512.7771476619505,1.1737840797703234,1.2767752284611524,abrupt_end,1
052_short_filtered-train-00002-of-00082_r3270.wav,short,filtered-train-00002-of-00082,0.0,0.053117782909930716,0.7713625866050808,12.340709686279297,0.02478313446044922,1558.2920415062995,1.0932630913654664,1.0176943512415346,,0
053_long_filtered-train-00002-of-00082_r3127.wav,long,filtered-train-00002-of-00082,2.5337837837837837e-05,0.04726536124240378,0.7164078325455773,13.955808639526367,0.05522191897034645,1956.4000059985622,0.37300998852494294,0.9382598825971417,,0
054_hi_quality_filtered-train-00002-of-00082_r891.wav,hi_quality,filtered-train-00002-of-00082,0.0,0.05090054815974941,0.750195771339076,11.534174919128418,0.03952869027853012,1642.89778595413,1.1247079482408058,1.7233591236838577,abrupt_end,1
055_borderline_filtered-train-00002-of-00082_r1162.wav,borderline,filtered-train-00002-of-00082,0.0,0.1445042275172944,0.7671022290545734,15.105012893676758,0.03822105750441551,1970.220764330472,0.7836413826488547,0.8060980283461731,,0
056_medium_filtered-train-00002-of-00082_r2093.wav,medium,filtered-train-00002-of-00082,0.00013907068062827226,0.00261437908496732,0.7189542483660131,12.524356842041016,0.1003856211900711,2893.046924189888,0.659080856671875,0.7286164799820624,,0
057_short_filtered-train-00002-of-00082_r3214.wav,short,filtered-train-00002-of-00082,0.0,0.1172069825436409,0.7980049875311721,12.299440383911133,0.039486661553382874,1854.1238378037765,1.6708506104994443,0.42947703693802225,abrupt_start,1
058_long_filtered-train-00002-of-00082_r597.wav,long,filtered-train-00002-of-00082,0.0,0.03214024835646457,0.7494521548575602,11.043132781982422,0.04056403413414955,1812.3876141541693,1.2225530831032834,1.0013786228630919,,0
059_hi_quality_filtered-train-00002-of-00082_r1857.wav,hi_quality,filtered-train-00002-of-00082,0.0,0.04373610081541883,0.7909562638991846,9.967975616455078,0.03319705277681351,1554.3602747515624,0.5812968362630743,0.9470601877773203,,0
060_borderline_filtered-train-00002-of-00082_r977.wav,borderline,filtered-train-00002-of-00082,0.0,0.15064102564102563,0.7171474358974359,16.74652099609375,0.0689399391412735,2228.151290476954,1.718518062770717,0.7227705449922435,abrupt_start,1
061_medium_filtered-train-00002-of-00082_r3222.wav,medium,filtered-train-00002-of-00082,0.0,0.007462686567164179,0.8624733475479744,8.483909606933594,0.034954383969306946,2037.727848050322,0.37909150368586203,0.5883039041447808,,0
062_short_filtered-train-00002-of-00082_r2083.wav,short,filtered-train-00002-of-00082,4.4972117287281886e-05,0.0,0.8471223021582733,8.951162338256836,0.08255710452795029,2754.2926521451386,1.541125382472815,0.9597935839709534,abrupt_start,1
063_long_filtered-train-00002-of-00082_r2438.wav,long,filtered-train-00002-of-00082,0.0,0.0,0.8100224382946896,8.598002433776855,0.017500586807727814,1390.309553384126,1.081745308134464,1.0474655201871046,,0
064_hi_quality_filtered-train-00002-of-00082_r2616.wav,hi_quality,filtered-train-00002-of-00082,0.0,0.01827875095201828,0.8012185833968012,9.829604148864746,0.04936964437365532,1740.6711202715417,0.6685747166456594,1.2770748807239831,abrupt_end,1
065_borderline_filtered-train-00002-of-00082_r1405.wav,borderline,filtered-train-00002-of-00082,0.0,0.16789791806581597,0.8139691067830759,11.020669937133789,0.04681864753365517,2244.8415429097504,0.3734361131857209,0.7036974791057824,,0
066_medium_filtered-train-00002-of-00082_r1794.wav,medium,filtered-train-00002-of-00082,0.0,0.01752577319587629,0.8886597938144329,8.041054725646973,0.051363810896873474,2127.037869466413,0.9400788596395897,1.0901535053800278,,0
067_short_filtered-train-00002-of-00082_r2476.wav,short,filtered-train-00002-of-00082,0.0,0.0,0.9142857142857143,6.170855522155762,0.03312469273805618,2204.1980075798842,1.3049754649948024,0.40689855011185705,,0
068_long_filtered-train-00002-of-00082_r1595.wav,long,filtered-train-00002-of-00082,0.0,0.0,0.8944723618090452,6.828857898712158,0.03286772221326828,2290.6569856683177,0.835712244613247,0.8986753275264854,,0
069_hi_quality_filtered-train-00002-of-00082_r3011.wav,hi_quality,filtered-train-00002-of-00082,0.0,0.012283236994219654,0.805635838150289,9.995309829711914,0.050751350820064545,1877.9384694166274,1.2912817431985666,0.6782447948027265,,0
070_borderline_filtered-train-00002-of-00082_r2713.wav,borderline,filtered-train-00002-of-00082,0.0,0.19823489477257297,0.723693143245078,13.637894630432129,0.0026884388644248247,1131.516463402489,1.3104800033149762,0.4202045195558244,,0
071_medium_filtered-train-00002-of-00082_r564.wav,medium,filtered-train-00002-of-00082,0.0,0.08235294117647059,0.7455882352941177,11.47726058959961,0.04865138605237007,1858.7669821074833,1.6343353842314698,0.720027829522984,abrupt_start,1
072_short_filtered-train-00002-of-00082_r2469.wav,short,filtered-train-00002-of-00082,0.0,0.0,0.9232245681381958,5.966886043548584,0.032728515565395355,2243.3936828801675,1.2757928305610045,1.5166447132351806,abrupt_end,1
073_long_filtered-train-00002-of-00082_r1165.wav,long,filtered-train-00002-of-00082,0.0,0.11682586333578251,0.7560617193240264,14.383413314819336,0.021263642236590385,1540.6440456503292,1.389258733818431,1.374743214388711,abrupt_end,1
074_hi_quality_filtered-train-00002-of-00082_r2966.wav,hi_quality,filtered-train-00002-of-00082,0.0,0.017738359201773836,0.7841832963784183,10.823070526123047,0.0859442800283432,2278.1056194695648,1.0426315971764473,1.5302402796902952,abrupt_end,1
075_borderline_filtered-train-00002-of-00082_r1396.wav,borderline,filtered-train-00002-of-00082,0.0,0.08273092369477912,0.793574297188755,10.919153213500977,0.03377844765782356,1878.3965731964445,1.553031874192121,0.08287656346898772,abrupt_start,1
076_borderline_filtered-train-00003-of-00082_r823.wav,borderline,filtered-train-00003-of-00082,3.5211267605633805e-05,0.04081632653061224,0.7508796622097115,12.983256340026855,0.053405918180942535,2290.1239786972856,0.4283420266006366,1.8262601473385387,abrupt_end,1
077_medium_filtered-train-00003-of-00082_r882.wav,medium,filtered-train-00003-of-00082,2.8535555301906177e-05,0.0068415051311288486,0.8643101482326112,8.777353286743164,0.05593547224998474,2302.4909269484488,1.647633899241037,0.708710058417246,abrupt_start,1
078_hi_quality_filtered-train-00003-of-00082_r3015.wav,hi_quality,filtered-train-00003-of-00082,0.0,0.005028735632183908,0.8764367816091954,7.663593769073486,0.06400750577449799,2496.6318077008114,1.077852091422073,1.2317066041742766,,0
079_short_filtered-train-00003-of-00082_r405.wav,short,filtered-train-00003-of-00082,0.0,0.16135084427767354,0.7110694183864915,16.79314422607422,0.03227759152650833,1599.0879552624504,0.180789314679868,0.2845793904221726,,0
080_long_filtered-train-00003-of-00082_r2150.wav,long,filtered-train-00003-of-00082,0.0,0.02167630057803468,0.8345375722543352,9.001570701599121,0.03571997955441475,1723.5849808503708,0.910494140239879,0.6821584620299999,,0
081_borderline_filtered-train-00003-of-00082_r303.wav,borderline,filtered-train-00003-of-00082,0.0,0.12985179957657023,0.7889908256880734,11.646832466125488,0.05270640179514885,1835.576905363507,0.668531790624998,0.9984614447726484,,0
082_medium_filtered-train-00003-of-00082_r873.wav,medium,filtered-train-00003-of-00082,4.9753224008915776e-05,0.09379968203497616,0.7440381558028617,13.826848983764648,0.04337598383426666,2094.8264738154685,0.06833435428412372,1.2306696026445234,,0
083_hi_quality_filtered-train-00003-of-00082_r1326.wav,hi_quality,filtered-train-00003-of-00082,0.0,0.0,0.8698578908002992,7.243817329406738,0.04378793388605118,1758.9326628730314,1.1117791202481229,0.9398088272205026,,0
084_short_filtered-train-00003-of-00082_r862.wav,short,filtered-train-00003-of-00082,1.0557432432432433e-05,0.0016863406408094434,0.7689713322091062,11.703227043151855,0.029058020561933517,1848.6293246474365,0.9420161447011671,0.5657604691030761,,0
085_long_filtered-train-00003-of-00082_r184.wav,long,filtered-train-00003-of-00082,0.0,0.16002896451846488,0.719768283852281,14.82943058013916,0.03326503559947014,2909.229084817198,0.6572407678048264,0.9814566453027993,,0
086_borderline_filtered-train-00003-of-00082_r1216.wav,borderline,filtered-train-00003-of-00082,0.0,0.023862788963460103,0.8829231916480239,8.512635231018066,0.012876116670668125,1393.1668477657036,1.127859446758611,0.07293164780640884,,0
087_medium_filtered-train-00003-of-00082_r3065.wav,medium,filtered-train-00003-of-00082,0.0,0.012244897959183673,0.8755102040816326,8.115608215332031,0.02862822264432907,2028.972353015233,1.2825072893370832,0.8567051854910261,,0
088_hi_quality_filtered-train-00003-of-00082_r3048.wav,hi_quality,filtered-train-00003-of-00082,0.0,0.0,0.9895245769540693,3.8818700313568115,0.08501207828521729,2782.071189863501,1.0245077485594776,1.0823356310077619,possible_music,1
089_short_filtered-train-00003-of-00082_r758.wav,short,filtered-train-00003-of-00082,3.0055301755229622e-05,0.08653846153846154,0.7403846153846154,14.004910469055176,0.06373883783817291,2267.915821647629,1.3074068711151283,0.8549699985146547,,0
090_long_filtered-train-00003-of-00082_r1752.wav,long,filtered-train-00003-of-00082,0.0,0.03994583615436696,0.8002708192281652,11.132888793945312,0.03752342611551285,1675.0603182925565,0.13969626136709581,0.35016376183256653,,0
091_borderline_filtered-train-00003-of-00082_r2716.wav,borderline,filtered-train-00003-of-00082,0.0,0.0007220216606498195,0.7862815884476534,9.245052337646484,0.06699063628911972,2565.6143780562893,1.0571693870563306,0.04474074147144794,,0
092_medium_filtered-train-00003-of-00082_r2077.wav,medium,filtered-train-00003-of-00082,0.0,0.014492753623188406,0.784219001610306,10.32022762298584,0.10178757458925247,2579.5944693706692,0.8021623776366643,1.1110560095549349,,0
093_hi_quality_filtered-train-00003-of-00082_r2146.wav,hi_quality,filtered-train-00003-of-00082,0.0,0.003434065934065934,0.8722527472527473,7.388839244842529,0.03394094109535217,1639.5467140250423,0.7560895535839222,1.0390601671820623,,0
094_short_filtered-train-00003-of-00082_r915.wav,short,filtered-train-00003-of-00082,4.5955882352941176e-05,0.0,0.8361858190709046,9.306343078613281,0.05777464434504509,2517.0920742651906,0.09544214109631305,1.60859850961562,abrupt_end,1
095_long_filtered-train-00003-of-00082_r299.wav,long,filtered-train-00003-of-00082,0.0,0.06245710363761153,0.8071379547014413,10.7218656539917,0.0016963360831141472,812.7611750135655,2.1136259494435414,0.712415095986479,abrupt_start,1
096_borderline_filtered-train-00003-of-00082_r950.wav,borderline,filtered-train-00003-of-00082,0.0,0.0,0.9609544468546638,7.060979843139648,0.06266003102064133,2267.9159270327928,0.3705737056792572,0.9554327378395251,,0
097_medium_filtered-train-00003-of-00082_r113.wav,medium,filtered-train-00003-of-00082,0.0,0.08985024958402663,0.7936772046589018,10.66822624206543,0.04497080296278,2081.9062886353413,0.865123654616271,0.33958029409011603,,0
098_hi_quality_filtered-train-00003-of-00082_r386.wav,hi_quality,filtered-train-00003-of-00082,0.0,0.0,0.9041509433962264,7.911076068878174,0.06448104232549667,2504.6417670790083,0.8497739552885705,0.9467857611070092,,0
099_short_filtered-train-00003-of-00082_r848.wav,short,filtered-train-00003-of-00082,0.0,0.004672897196261682,0.9415887850467289,6.592451572418213,0.09668159484863281,2560.4277753480833,0.754225633217839,1.1530733476261679,possible_music,1
100_long_filtered-train-00003-of-00082_r2459.wav,long,filtered-train-00003-of-00082,0.0,0.14585012087026591,0.7211925866236906,14.112105369567871,0.011495474725961685,1837.485765600403,1.9531874975297072,0.3967959834324259,abrupt_start,1
101_hi_quality_filtered-train-00024-of-00082_r3285.wav,hi_quality,filtered-train-00024-of-00082,0.0,0.0,0.8492352512745812,8.387714385986328,0.07620710879564285,2839.395849000147,0.8321004324790482,0.9049218085652658,,0
102_long_filtered-train-00024-of-00082_r1844.wav,long,filtered-train-00024-of-00082,0.0,0.09097421203438395,0.6869627507163324,13.053265571594238,0.004557271022349596,830.3751329431972,1.1849428970226372,1.059019574557133,,0
103_medium_filtered-train-00024-of-00082_r2002.wav,medium,filtered-train-00024-of-00082,0.0,0.0991636798088411,0.8028673835125448,12.547849655151367,0.04492127150297165,2019.6900456577675,1.1805760679416382,0.8935496943043717,,0
104_borderline_filtered-train-00024-of-00082_r843.wav,borderline,filtered-train-00024-of-00082,0.0,0.20306513409961685,0.7609195402298851,13.512063026428223,0.05978720635175705,2086.3490295972647,0.781213091448119,0.008365365888716397,,0
105_short_filtered-train-00024-of-00082_r1695.wav,short,filtered-train-00024-of-00082,0.0,0.0,0.8586206896551725,8.91616153717041,0.0386478453874588,2150.535002892743,0.6378437032331509,0.2799595450180559,,0
106_hi_quality_filtered-train-00024-of-00082_r1557.wav,hi_quality,filtered-train-00024-of-00082,0.0,0.02799712849964106,0.7860732232591529,10.355367660522461,0.02593887597322464,1696.3213765938178,0.5895775643174974,0.914662951774645,,0
107_long_filtered-train-00024-of-00082_r292.wav,long,filtered-train-00024-of-00082,0.0,0.039257673090649536,0.8058529621698787,10.281378746032715,0.03585725277662277,1841.11852855213,1.184638652430138,1.2582102539465043,abrupt_end,1
108_medium_filtered-train-00024-of-00082_r1981.wav,medium,filtered-train-00024-of-00082,0.0,0.052316890881913304,0.8101644245142003,9.863272666931152,0.030149085447192192,2078.0944943361114,1.3810851366812775,0.5485229067293051,,0
109_borderline_filtered-train-00024-of-00082_r2612.wav,borderline,filtered-train-00024-of-00082,0.0,0.23546302943287867,0.7946877243359656,13.679607391357422,0.05693237483501434,1870.3602795911058,0.5923899449649221,2.7492081209833077,abrupt_end,1
110_short_filtered-train-00024-of-00082_r1389.wav,short,filtered-train-00024-of-00082,0.0,0.011337868480725623,0.8367346938775511,9.0546236038208,0.036110952496528625,1950.379650739462,1.04326153236747,0.7176861228194464,,0
111_hi_quality_filtered-train-00024-of-00082_r1809.wav,hi_quality,filtered-train-00024-of-00082,0.0,0.043243243243243246,0.8182432432432433,9.478425979614258,0.03430528938770294,1657.2651433403885,0.7062130920693565,0.670024591014453,,0
112_long_filtered-train-00024-of-00082_r834.wav,long,filtered-train-00024-of-00082,0.0,0.16413130504403523,0.7598078462770216,13.13630485534668,0.05567137524485588,2214.990812057855,0.6792770697975524,1.3514011953022529,abrupt_end,1
113_medium_filtered-train-00024-of-00082_r2795.wav,medium,filtered-train-00024-of-00082,0.0,0.06459627329192547,0.8273291925465839,15.856164932250977,0.03297765925526619,1933.8923843047098,1.2123846111376682,0.00019732770414979616,,0
114_borderline_filtered-train-00024-of-00082_r3039.wav,borderline,filtered-train-00024-of-00082,0.0,0.1223267750213858,0.7707442258340462,11.418241500854492,0.038029156625270844,1886.6114766947542,1.8557779414131121,0.731383621239495,abrupt_start,1
115_short_filtered-train-00024-of-00082_r1382.wav,short,filtered-train-00024-of-00082,0.0,0.0,0.8699186991869918,8.048941612243652,0.033857330679893494,1627.3431443591899,0.8545409006544333,0.5154734626935868,,0
116_hi_quality_filtered-train-00024-of-00082_r2253.wav,hi_quality,filtered-train-00024-of-00082,0.0,0.09358490566037736,0.7615094339622641,11.964685440063477,0.08128533512353897,2379.585808192139,0.369125875357655,0.9355190318943153,,0
117_long_filtered-train-00024-of-00082_r1624.wav,long,filtered-train-00024-of-00082,0.0,0.12525389302640488,0.7704807041299933,12.315640449523926,0.04456932470202446,1776.5996563382657,0.46084539010892717,0.12882435032614126,,0
118_medium_filtered-train-00024-of-00082_r1693.wav,medium,filtered-train-00024-of-00082,0.0,0.0,0.8772169167803547,7.14109468460083,0.012464708648622036,1702.218643028768,1.274951219051081,0.1517919583034929,,0
119_borderline_filtered-train-00024-of-00082_r3106.wav,borderline,filtered-train-00024-of-00082,0.0,0.06380120886501008,0.8448623237071861,8.702484130859375,0.022549297660589218,1309.231743671423,1.3109277807264887,0.48329325194732903,,0
120_short_filtered-train-00024-of-00082_r1380.wav,short,filtered-train-00024-of-00082,0.0,0.0,0.9786223277909739,5.64648962020874,0.010767651721835136,1286.0427791664047,1.2295116430369155,0.43415565691995683,,0
121_hi_quality_filtered-train-00024-of-00082_r1909.wav,hi_quality,filtered-train-00024-of-00082,0.0,0.059280169371912494,0.7904022582921666,10.393062591552734,0.05374987795948982,1806.775021727618,1.9224017932837574,0.9405560754188483,abrupt_start,1
122_long_filtered-train-00024-of-00082_r392.wav,long,filtered-train-00024-of-00082,0.0,0.07773584905660377,0.6686792452830189,13.208292961120605,0.03386931121349335,1377.9440444021955,0.9774393595515888,0.6404406645693821,,0
123_medium_filtered-train-00024-of-00082_r229.wav,medium,filtered-train-00024-of-00082,0.0,0.0,0.7913580246913581,8.906210899353027,0.04488614201545715,1617.7614577175584,1.1681895026268736,0.5890365916385112,,0
124_borderline_filtered-train-00024-of-00082_r1181.wav,borderline,filtered-train-00024-of-00082,0.0,0.1186966640806827,0.7083010085337471,13.91569995880127,0.023678544908761978,1476.9387430679044,0.7274680652985863,1.1092964765473072,,0
125_short_filtered-train-00024-of-00082_r1381.wav,short,filtered-train-00024-of-00082,0.0,0.0,0.9435215946843853,5.304068088531494,0.015570566058158875,1328.2563463314455,0.605442562633727,1.0312969240196097,,0
126_borderline_filtered-train-00024-of-00082_r768.wav,borderline,filtered-train-00024-of-00082,0.0,0.10216934919524143,0.7319804058782365,11.534900665283203,0.042832937091588974,1938.5594114400074,0.7667773787247025,1.674987295899276,abrupt_end,1
127_hi_quality_filtered-train-00045-of-00082_r1655.wav,hi_quality,filtered-train-00045-of-00082,0.0,0.0,0.9763610315186246,5.279377460479736,0.014576677232980728,1457.732469151658,1.2649846142437657,1.3581606468398784,abrupt_end,1
128_medium_filtered-train-00045-of-00082_r3080.wav,medium,filtered-train-00045-of-00082,0.0,0.0,0.9911209766925638,3.749871015548706,0.048138577491045,2038.5797822935046,1.019967527505113,0.7875398357866852,,0
129_borderline_filtered-train-00045-of-00082_r3090.wav,borderline,filtered-train-00045-of-00082,0.0,0.1400137268359643,0.75840768702814,12.47365951538086,0.026325112208724022,1535.7835438712384,0.9928442526043304,0.46529890503638704,,0
130_short_filtered-train-00045-of-00082_r2481.wav,short,filtered-train-00045-of-00082,0.00030017152658662094,0.003424657534246575,0.8732876712328768,10.87640380859375,0.07408108562231064,2512.9734897081116,0.3080412309037195,2.8709226607777536,abrupt_end,1
131_long_filtered-train-00045-of-00082_r1331.wav,long,filtered-train-00045-of-00082,0.0,0.0,0.889751552795031,7.246470928192139,0.031184714287519455,2125.04950027909,1.0718150157768334,0.7841704676980723,,0
132_hi_quality_filtered-train-00045-of-00082_r7.wav,hi_quality,filtered-train-00045-of-00082,0.0,0.11243016759776536,0.8170391061452514,10.811225891113281,0.056155018508434296,2193.3774880971205,2.1362082808487592,1.687952705813816,abrupt_end;abrupt_start,2
133_medium_filtered-train-00045-of-00082_r2285.wav,medium,filtered-train-00045-of-00082,0.0,0.0039011703511053317,0.8387516254876463,9.159728050231934,0.025520170107483864,1442.7170141368972,0.5329966443264055,1.0127713344922609,,0
134_borderline_filtered-train-00045-of-00082_r231.wav,borderline,filtered-train-00045-of-00082,0.0,0.15203426124197003,0.7665952890792291,22.063329696655273,0.053963448852300644,1972.0421723805628,1.30344913724697,1.0208621439020082,,0
135_short_filtered-train-00045-of-00082_r2005.wav,short,filtered-train-00045-of-00082,0.0,0.0,0.9851485148514851,5.614859580993652,0.05907285585999489,2267.697861339083,1.5085672845510196,0.7801166781052785,abrupt_start,1
136_long_filtered-train-00045-of-00082_r464.wav,long,filtered-train-00045-of-00082,0.0,0.0,0.9031037093111279,5.642402648925781,0.03185775503516197,2014.8158250043502,1.241940158113375,0.9440910768351568,,0
137_hi_quality_filtered-train-00045-of-00082_r1118.wav,hi_quality,filtered-train-00045-of-00082,0.0,0.0013360053440213762,0.8276553106212425,9.033895492553711,0.028716612607240677,1595.677675922597,0.6858379357851216,0.6620347837782676,,0
138_medium_filtered-train-00045-of-00082_r1225.wav,medium,filtered-train-00045-of-00082,0.0,0.0,0.8487972508591065,7.844326019287109,0.030513260513544083,2039.4346449413608,1.553676744507292,0.4993575018139443,abrupt_start,1
139_borderline_filtered-train-00045-of-00082_r3194.wav,borderline,filtered-train-00045-of-00082,0.0,0.07148231753197894,0.7893152746425884,11.538653373718262,0.018499650061130524,1234.9035479343195,0.5774900800325986,0.494813454203989,,0
140_short_filtered-train-00045-of-00082_r3251.wav,short,filtered-train-00045-of-00082,0.0013950892857142857,0.0,0.7744807121661721,9.387269020080566,0.051795635372400284,2439.2476272085805,0.6077560932186952,1.0156857162789632,clipping,1
141_long_filtered-train-00045-of-00082_r445.wav,long,filtered-train-00045-of-00082,0.0,0.038613081166272656,0.8384554767533491,10.09604263305664,0.04205683618783951,1974.5573981008095,1.2288928946769297,0.6475347915261281,,0
142_hi_quality_filtered-train-00045-of-00082_r1780.wav,hi_quality,filtered-train-00045-of-00082,0.0,0.03812316715542522,0.8167155425219942,9.146987915039062,0.0397459901869297,1632.8710851181997,1.890482707416732,0.9905719018263126,abrupt_start,1
143_medium_filtered-train-00045-of-00082_r3249.wav,medium,filtered-train-00045-of-00082,0.00030625,0.0,0.8621378621378621,7.0384321212768555,0.01685149595141411,1500.0251846475066,1.0144359430829688,0.4645444078791703,,0
144_borderline_filtered-train-00045-of-00082_r1975.wav,borderline,filtered-train-00045-of-00082,0.0,0.09029345372460497,0.8457486832204665,9.007229804992676,0.12298373878002167,3048.764916782697,1.9271926440385743,0.38643817509723205,abrupt_start,1
145_short_filtered-train-00045-of-00082_r3250.wav,short,filtered-train-00045-of-00082,0.0011938202247191011,0.0,0.7450980392156863,8.668957710266113,0.03869843855500221,1942.8816856809444,0.9462637594553234,1.6187380383846743,clipping;abrupt_end,2
146_long_filtered-train-00045-of-00082_r3268.wav,long,filtered-train-00045-of-00082,0.0,0.0413625304136253,0.7737226277372263,11.511515617370605,0.021752674132585526,1279.4082787791988,1.0045675728638104,1.0990397323795484,,0
147_hi_quality_filtered-train-00045-of-00082_r2807.wav,hi_quality,filtered-train-00045-of-00082,0.0,0.08629032258064516,0.8120967741935484,10.890185356140137,0.039950158447027206,1773.2767822082212,0.4199224086416559,0.47663633883343326,,0
148_medium_filtered-train-00045-of-00082_r712.wav,medium,filtered-train-00045-of-00082,0.0,0.12032355915065723,0.8028311425682507,12.73934268951416,0.04195500165224075,1867.6163632309701,1.1799807427007207,0.464144092641445,,0
149_borderline_filtered-train-00045-of-00082_r2903.wav,borderline,filtered-train-00045-of-00082,0.0,0.17420661715057395,0.7339635381498987,14.847162246704102,0.022936221212148666,1513.0509127979324,0.998422620951837,0.02014923160105499,,0
150_short_filtered-train-00045-of-00082_r3248.wav,short,filtered-train-00045-of-00082,0.0008836206896551724,0.0,0.810671256454389,8.726503372192383,0.03963298723101616,2083.5336681437075,1.1031011915390783,0.7680308366704997,clipping,1
151_long_filtered-train-00045-of-00082_r2320.wav,long,filtered-train-00045-of-00082,0.0,0.04979591836734694,0.8016326530612244,11.305676460266113,0.033129215240478516,2309.999932323068,0.6085871636375655,1.2472655146023113,,0
152_borderline_filtered-train-00045-of-00082_r3368.wav,borderline,filtered-train-00045-of-00082,0.0,0.08858131487889273,0.7653979238754325,12.300251007080078,0.024579348042607307,1356.461976261845,0.8717855023482864,0.5696579313447081,,0
153_short_filtered-train-00066-of-00082_r1648.wav,short,filtered-train-00066-of-00082,0.0,0.0,0.8024316109422492,10.264031410217285,0.07771027088165283,2394.8505765414475,1.6638230948723898,0.20830155367124178,abrupt_start,1
154_short_filtered-train-00066-of-00082_r2650.wav,short,filtered-train-00066-of-00082,0.0,0.0,0.6876574307304786,13.007164001464844,0.041164565831422806,2016.3544893241326,1.0478723474597635,0.4474287926929904,,0
155_short_filtered-train-00066-of-00082_r1012.wav,short,filtered-train-00066-of-00082,0.0,0.0,0.820952380952381,9.389572143554688,0.036397386342287064,2275.512218566032,1.8042141347254486,1.7493926616357813,abrupt_end;abrupt_start,2
156_short_filtered-train-00066-of-00082_r344.wav,short,filtered-train-00066-of-00082,0.0,0.0,0.8804123711340206,7.934199333190918,0.04030279815196991,2196.869601526552,0.974187532425002,0.27804641222938004,,0
157_short_filtered-train-00066-of-00082_r983.wav,short,filtered-train-00066-of-00082,0.0,0.005545286506469501,0.7781885397412199,10.50737476348877,0.028344256803393364,2234.2612688897707,0.5329410707747155,0.6158577213462947,,0
158_short_filtered-train-00066-of-00082_r876.wav,short,filtered-train-00066-of-00082,0.0,0.04815864022662889,0.8413597733711048,10.087212562561035,0.059133369475603104,2345.670765083296,0.06804963553621593,0.7515463789967023,,0
159_short_filtered-train-00066-of-00082_r877.wav,short,filtered-train-00066-of-00082,0.0,0.0199501246882793,0.8403990024937655,9.567744255065918,0.0452435165643692,1989.4132754073205,2.063889610723899,1.1273984882019108,abrupt_start,1
160_short_filtered-train-00066-of-00082_r987.wav,short,filtered-train-00066-of-00082,0.0,0.0,0.9366336633663367,6.910865783691406,0.025124236941337585,1921.148766887818,0.6914968061720743,2.292265913972469,abrupt_end,1
161_short_filtered-train-00066-of-00082_r967.wav,short,filtered-train-00066-of-00082,0.0,0.0,0.8670360110803325,7.135903835296631,0.020752573385834694,1805.288728539547,1.6237849410287652,1.270267595808301,abrupt_end;abrupt_start,2
162_short_filtered-train-00066-of-00082_r3239.wav,short,filtered-train-00066-of-00082,0.0,0.0,0.9019607843137255,5.9923295974731445,0.12467380613088608,3125.2097849842453,1.1947075321091514,0.45854838260568964,possible_music,1
163_short_filtered-train-00066-of-00082_r974.wav,short,filtered-train-00066-of-00082,0.0,0.013262599469496022,0.8249336870026526,10.768370628356934,0.024519018828868866,1999.0224196329382,1.087353960945027,0.03855582591696636,,0
164_medium_filtered-train-00066-of-00082_r345.wav,medium,filtered-train-00066-of-00082,0.0,0.05351170568561873,0.7770345596432553,12.283073425292969,0.0518021322786808,2797.348828192618,1.5257999766991472,0.01525250207624381,abrupt_start,1
165_medium_filtered-train-00066-of-00082_r1409.wav,medium,filtered-train-00066-of-00082,0.0,0.08333333333333333,0.7572916666666667,11.665770530700684,0.022614628076553345,2614.6214307158443,1.000452137272942,1.697416659494969,abrupt_end,1
166_medium_filtered-train-00066-of-00082_r942.wav,medium,filtered-train-00066-of-00082,0.0,0.022977022977022976,0.8491508491508492,9.776135444641113,0.0345555804669857,2065.119398522799,1.0568006326315103,0.5169335455902836,,0
167_medium_filtered-train-00066-of-00082_r2631.wav,medium,filtered-train-00066-of-00082,0.0,0.13580246913580246,0.7469135802469136,15.256609916687012,0.0027080534491688013,1119.333434051486,0.8249272124261507,0.695340735554936,,0
168_medium_filtered-train-00066-of-00082_r1005.wav,medium,filtered-train-00066-of-00082,0.0,0.0,0.778751369112815,9.665473937988281,0.02990514226257801,2256.34683250419,0.49788633657749215,1.9265206946449887,abrupt_end,1
169_medium_filtered-train-00066-of-00082_r2801.wav,medium,filtered-train-00066-of-00082,0.0,0.01015228426395939,0.8324873096446701,8.314175605773926,0.02100716531276703,1611.3202524650214,1.348172146077196,0.962915416785022,,0
170_medium_filtered-train-00066-of-00082_r1020.wav,medium,filtered-train-00066-of-00082,0.0,0.0,0.8577633007600435,8.520627975463867,0.02915167063474655,2107.969195876557,0.8385260611341914,1.6785379137824639,abrupt_end,1
171_medium_filtered-train-00066-of-00082_r763.wav,medium,filtered-train-00066-of-00082,0.0,0.03597122302158273,0.8033573141486811,11.168087005615234,0.05659686401486397,1920.0623010082438,0.7826957892858333,0.023221501446918664,,0
172_medium_filtered-train-00066-of-00082_r3071.wav,medium,filtered-train-00066-of-00082,0.0,0.12704918032786885,0.7592213114754098,15.988430976867676,0.016763249412178993,1259.5804441623832,1.0137915698111297,1.1260440292123857,,0
173_medium_filtered-train-00066-of-00082_r354.wav,medium,filtered-train-00066-of-00082,0.0,0.0,0.9715976331360947,6.185381889343262,0.03400542214512825,1782.2519298743553,0.7655970988846968,2.1185445259144977,abrupt_end,1
174_long_filtered-train-00066-of-00082_r3559.wav,long,filtered-train-00066-of-00082,0.0,0.10600945307224847,0.7548953409858203,17.675357818603516,0.03241312876343727,1755.5367585128063,1.279988238277714,0.4977629358140185,,0
175_long_filtered-train-00066-of-00082_r1200.wav,long,filtered-train-00066-of-00082,0.0,0.05504587155963303,0.7621736062103035,10.174072265625,0.0009942508768290281,1185.008602107868,0.8667583426061126,0.7418721584082336,,0
176_long_filtered-train-00066-of-00082_r1257.wav,long,filtered-train-00066-of-00082,0.0,0.0021598272138228943,0.7703383729301656,10.153192520141602,0.05260645970702171,2377.926975061865,0.8495361112790523,1.241184452620123,,0
177_long_filtered-train-00066-of-00082_r2897.wav,long,filtered-train-00066-of-00082,0.0,0.07537688442211055,0.7200287150035893,13.030961990356445,0.02396627701818943,1514.1112981075148,1.2905464856460782,1.4350551250978063,abrupt_end,1
178_long_filtered-train-00066-of-00082_r3101.wav,long,filtered-train-00066-of-00082,0.0,0.03820720058780309,0.8324761204996326,8.909341812133789,0.07254941761493683,3318.0677593582486,1.056042831478769,1.3988621108502273,abrupt_end,1
179_long_filtered-train-00066-of-00082_r1031.wav,long,filtered-train-00066-of-00082,0.0,0.0,0.8631821675634127,8.86902904510498,0.02754470519721508,2201.670663805178,0.7806644379522464,0.15420588449419972,,0
180_long_filtered-train-00066-of-00082_r3236.wav,long,filtered-train-00066-of-00082,0.0,0.0,0.9225116900467601,5.580393314361572,0.049662403762340546,1880.3645570410492,0.9168285870359107,0.15045316797094688,,0
181_long_filtered-train-00066-of-00082_r1389.wav,long,filtered-train-00066-of-00082,0.0,0.02514792899408284,0.7551775147928994,9.869394302368164,0.014745455235242844,1333.278837341342,1.7090985563801402,0.6308939626734686,abrupt_start,1
182_long_filtered-train-00066-of-00082_r261.wav,long,filtered-train-00066-of-00082,0.0,0.07464788732394366,0.8056338028169014,10.341978073120117,0.015536099672317505,1501.4450168994733,0.8985805606700226,0.4802555868803236,,0
183_long_filtered-train-00066-of-00082_r2909.wav,long,filtered-train-00066-of-00082,0.0,0.1638683680322364,0.6991269308260577,17.166418075561523,0.053538400679826736,1706.9003612040608,0.45625568518081866,0.0010316580655837764,,0
184_hi_quality_filtered-train-00066-of-00082_r2774.wav,hi_quality,filtered-train-00066-of-00082,0.0,0.049026192075218265,0.8314304902619207,10.402156829833984,0.04511280730366707,1953.4443663950265,1.308762583068708,0.07931524664061755,,0
185_hi_quality_filtered-train-00066-of-00082_r2292.wav,hi_quality,filtered-train-00066-of-00082,0.0,0.009195402298850575,0.7455938697318008,9.455175399780273,0.015698395669460297,1522.9184781220908,0.7042311049099341,0.6971340223127342,,0
186_hi_quality_filtered-train-00066-of-00082_r3586.wav,hi_quality,filtered-train-00066-of-00082,0.0,0.0267639902676399,0.7834549878345499,10.167607307434082,0.03660663217306137,1920.4508006827848,1.3497890340817549,0.9532969961931701,,0
187_hi_quality_filtered-train-00066-of-00082_r2891.wav,hi_quality,filtered-train-00066-of-00082,0.0,0.02399435426958363,0.7904022582921666,9.650665283203125,0.029562026262283325,1707.44058111913,0.6524743651024949,0.5271580351316724,,0
188_hi_quality_filtered-train-00066-of-00082_r973.wav,hi_quality,filtered-train-00066-of-00082,0.0,0.0,0.8662613981762918,8.655783653259277,0.019784526899456978,1802.5234534159135,1.1227715242775036,0.04634196758023764,,0
189_hi_quality_filtered-train-00066-of-00082_r75.wav,hi_quality,filtered-train-00066-of-00082,0.0,0.0374251497005988,0.8390718562874252,9.095057487487793,0.043800290673971176,1892.8805860411353,1.4315475743877162,0.88158703158111,,0
190_hi_quality_filtered-train-00066-of-00082_r1765.wav,hi_quality,filtered-train-00066-of-00082,0.0,0.0791465932553338,0.7976600137646249,9.845940589904785,0.034391339868307114,2152.455438754432,1.1745947663591296,0.9551800163600307,,0
191_hi_quality_filtered-train-00066-of-00082_r3886.wav,hi_quality,filtered-train-00066-of-00082,0.0,0.050969131371141424,0.7939698492462312,10.510448455810547,0.03643427789211273,1613.0604657538668,0.7439405881249473,0.9200266352455867,,0
192_hi_quality_filtered-train-00066-of-00082_r1961.wav,hi_quality,filtered-train-00066-of-00082,0.0,0.06411323896752706,0.8251457119067444,10.915670394897461,0.026300694793462753,1540.7993131199055,0.6065295863457553,1.895104366179568,abrupt_end,1
193_hi_quality_filtered-train-00066-of-00082_r2058.wav,hi_quality,filtered-train-00066-of-00082,0.0,0.047470817120622566,0.8108949416342413,10.234381675720215,0.05025061219930649,1636.1027902361545,1.2430974192653967,0.8102762881166922,,0
194_borderline_filtered-train-00066-of-00082_r3691.wav,borderline,filtered-train-00066-of-00082,0.0,0.1514004542013626,0.7479182437547313,18.596372604370117,0.028941286727786064,1595.0053533044697,0.45316543059167935,1.6861156272243378,abrupt_end,1
195_borderline_filtered-train-00066-of-00082_r3414.wav,borderline,filtered-train-00066-of-00082,0.0,0.2176771365960555,0.7538349159970782,15.560492515563965,0.041297297924757004,1896.4513487364725,2.257502470525803,0.20828338156526807,abrupt_start,1
196_borderline_filtered-train-00066-of-00082_r1472.wav,borderline,filtered-train-00066-of-00082,0.0,0.13436866981769074,0.8298446995273464,10.33636474609375,0.016380442306399345,1352.9457994463103,0.6839136758847808,0.2882569777680074,,0
197_borderline_filtered-train-00066-of-00082_r371.wav,borderline,filtered-train-00066-of-00082,0.0,0.15831663326653306,0.7448229792919172,13.320117950439453,0.02922193892300129,1924.896209281357,0.585572497063592,1.0106628032349843,,0
198_borderline_filtered-train-00066-of-00082_r3396.wav,borderline,filtered-train-00066-of-00082,0.0,0.08277404921700224,0.7143922445935869,14.340452194213867,0.01522827334702015,1297.5550942358009,0.8507303961705597,1.0581866227177037,,0
199_borderline_filtered-train-00066-of-00082_r3799.wav,borderline,filtered-train-00066-of-00082,0.0,0.1873713109128346,0.7982155113246396,12.720118522644043,0.059421468526124954,2118.664486311379,0.6242601284493003,0.2731691267936765,,0
